NDB_NO,name,data_source,data_available,ingredients,Serving_Size,Serving_Size_UOM,Household_Serving_Size,Household_Serving_Size_UOM,Preparation_State,Threonine[Output_Value],Threonine[Output_UOM],Threonine[Derivation_Code],"Fatty acids, total saturated[Output_Value]","Fatty acids, total saturated[Output_UOM]","Fatty acids, total saturated[Derivation_Code]",Protein[Output_Value],Protein[Output_UOM],Protein[Derivation_Code],Sorbitol[Output_Value],Sorbitol[Output_UOM],Sorbitol[Derivation_Code],Water[Output_Value],Water[Output_UOM],Water[Derivation_Code],Histidine[Output_Value],Histidine[Output_UOM],Histidine[Derivation_Code],"Sugars, added[Output_Value]","Sugars, added[Output_UOM]","Sugars, added[Derivation_Code]",Vitamin K (phylloquinone)[Output_Value],Vitamin K (phylloquinone)[Output_UOM],Vitamin K (phylloquinone)[Derivation_Code],"Sodium, Na[Output_Value]","Sodium, Na[Output_UOM]","Sodium, Na[Derivation_Code]",Vitamin D[Output_Value],Vitamin D[Output_UOM],Vitamin D[Derivation_Code],8:0[Output_Value],8:0[Output_UOM],8:0[Derivation_Code],Epigallocatechin-3-gallate[Output_Value],Epigallocatechin-3-gallate[Output_UOM],Epigallocatechin-3-gallate[Derivation_Code],Lactose[Output_Value],Lactose[Output_UOM],Lactose[Derivation_Code],"Alcohol, ethyl[Output_Value]","Alcohol, ethyl[Output_UOM]","Alcohol, ethyl[Derivation_Code]",Energy[Output_Value],Energy[Output_UOM],Energy[Derivation_Code],Alanine[Output_Value],Alanine[Output_UOM],Alanine[Derivation_Code],"Potassium, K[Output_Value]","Potassium, K[Output_UOM]","Potassium, K[Derivation_Code]",Niacin[Output_Value],Niacin[Output_UOM],Niacin[Derivation_Code],Starch[Output_Value],Starch[Output_UOM],Starch[Derivation_Code],Aspartic acid[Output_Value],Aspartic acid[Output_UOM],Aspartic acid[Derivation_Code],Glucose (dextrose)[Output_Value],Glucose (dextrose)[Output_UOM],Glucose (dextrose)[Derivation_Code],"Fatty acids, total polyunsaturated[Output_Value]","Fatty acids, total polyunsaturated[Output_UOM]","Fatty acids, total polyunsaturated[Derivation_Code]","Vitamin C, total ascorbic acid[Output_Value]","Vitamin C, total ascorbic acid[Output_UOM]","Vitamin C, total ascorbic acid[Derivation_Code]","Chromium, Cr[Output_Value]","Chromium, Cr[Output_UOM]","Chromium, Cr[Derivation_Code]",Vitamin E[Output_Value],Vitamin E[Output_UOM],Vitamin E[Derivation_Code],Tryptophan[Output_Value],Tryptophan[Output_UOM],Tryptophan[Derivation_Code],Vitamin B-6[Output_Value],Vitamin B-6[Output_UOM],Vitamin B-6[Derivation_Code],"18:2 n-6 c,c[Output_Value]","18:2 n-6 c,c[Output_UOM]","18:2 n-6 c,c[Derivation_Code]",Valine[Output_Value],Valine[Output_UOM],Valine[Derivation_Code],Vitamin B-12[Output_Value],Vitamin B-12[Output_UOM],Vitamin B-12[Derivation_Code],Serine[Output_Value],Serine[Output_UOM],Serine[Derivation_Code],Vitamin D3 (cholecalciferol)[Output_Value],Vitamin D3 (cholecalciferol)[Output_UOM],Vitamin D3 (cholecalciferol)[Derivation_Code],"Phosphorus, P[Output_Value]","Phosphorus, P[Output_UOM]","Phosphorus, P[Derivation_Code]",Vitamin D (D2 + D3)[Output_Value],Vitamin D (D2 + D3)[Output_UOM],Vitamin D (D2 + D3)[Derivation_Code],Proline[Output_Value],Proline[Output_UOM],Proline[Derivation_Code],Total sugar alcohols[Output_Value],Total sugar alcohols[Output_UOM],Total sugar alcohols[Derivation_Code],Cysteine[Output_Value],Cysteine[Output_UOM],Cysteine[Derivation_Code],"Iodine, I[Output_Value]","Iodine, I[Output_UOM]","Iodine, I[Derivation_Code]",Caffeine[Output_Value],Caffeine[Output_UOM],Caffeine[Derivation_Code],"Fatty acids, total monounsaturated[Output_Value]","Fatty acids, total monounsaturated[Output_UOM]","Fatty acids, total monounsaturated[Derivation_Code]","Vitamin A, IU[Output_Value]","Vitamin A, IU[Output_UOM]","Vitamin A, IU[Derivation_Code]","Chlorine, Cl[Output_Value]","Chlorine, Cl[Output_UOM]","Chlorine, Cl[Derivation_Code]","Zinc, Zn[Output_Value]","Zinc, Zn[Output_UOM]","Zinc, Zn[Derivation_Code]","Fiber, total dietary[Output_Value]","Fiber, total dietary[Output_UOM]","Fiber, total dietary[Derivation_Code]","Iron, Fe[Output_Value]","Iron, Fe[Output_UOM]","Iron, Fe[Derivation_Code]","Fatty acids, total trans[Output_Value]","Fatty acids, total trans[Output_UOM]","Fatty acids, total trans[Derivation_Code]","Molybdenum, Mb[Output_Value]","Molybdenum, Mb[Output_UOM]","Molybdenum, Mb[Derivation_Code]","Calcium, Ca[Output_Value]","Calcium, Ca[Output_UOM]","Calcium, Ca[Derivation_Code]","Fiber, insoluble[Output_Value]","Fiber, insoluble[Output_UOM]","Fiber, insoluble[Derivation_Code]",Vitamin E (alpha-tocopherol)[Output_Value],Vitamin E (alpha-tocopherol)[Output_UOM],Vitamin E (alpha-tocopherol)[Derivation_Code],Ash[Output_Value],Ash[Output_UOM],Ash[Derivation_Code],"Carbohydrate, other[Output_Value]","Carbohydrate, other[Output_UOM]","Carbohydrate, other[Derivation_Code]",Cholesterol[Output_Value],Cholesterol[Output_UOM],Cholesterol[Derivation_Code],"Fiber, soluble[Output_Value]","Fiber, soluble[Output_UOM]","Fiber, soluble[Derivation_Code]","Choline, from phosphotidyl choline[Output_Value]","Choline, from phosphotidyl choline[Output_UOM]","Choline, from phosphotidyl choline[Derivation_Code]",Folic acid[Output_Value],Folic acid[Output_UOM],Folic acid[Derivation_Code],"Carbohydrate, by difference[Output_Value]","Carbohydrate, by difference[Output_UOM]","Carbohydrate, by difference[Derivation_Code]",Leucine[Output_Value],Leucine[Output_UOM],Leucine[Derivation_Code],Cystine[Output_Value],Cystine[Output_UOM],Cystine[Derivation_Code],Total lipid (fat)[Output_Value],Total lipid (fat)[Output_UOM],Total lipid (fat)[Derivation_Code],Glycine[Output_Value],Glycine[Output_UOM],Glycine[Derivation_Code],"18:3 n-3 c,c,c (ALA)[Output_Value]","18:3 n-3 c,c,c (ALA)[Output_UOM]","18:3 n-3 c,c,c (ALA)[Derivation_Code]",Biotin[Output_Value],Biotin[Output_UOM],Biotin[Derivation_Code],"Carotene, beta[Output_Value]","Carotene, beta[Output_UOM]","Carotene, beta[Derivation_Code]",Riboflavin[Output_Value],Riboflavin[Output_UOM],Riboflavin[Derivation_Code],"Choline, total[Output_Value]","Choline, total[Output_UOM]","Choline, total[Derivation_Code]","Fluoride, F[Output_Value]","Fluoride, F[Output_UOM]","Fluoride, F[Derivation_Code]",Pantothenic acid[Output_Value],Pantothenic acid[Output_UOM],Pantothenic acid[Derivation_Code],Arginine[Output_Value],Arginine[Output_UOM],Arginine[Derivation_Code],Thiamin[Output_Value],Thiamin[Output_UOM],Thiamin[Derivation_Code],Inositol[Output_Value],Inositol[Output_UOM],Inositol[Derivation_Code],Vitamin E (label entry primarily)[Output_Value],Vitamin E (label entry primarily)[Output_UOM],Vitamin E (label entry primarily)[Derivation_Code],Lutein + zeaxanthin[Output_Value],Lutein + zeaxanthin[Output_UOM],Lutein + zeaxanthin[Derivation_Code],"Manganese, Mn[Output_Value]","Manganese, Mn[Output_UOM]","Manganese, Mn[Derivation_Code]",Taurine[Output_Value],Taurine[Output_UOM],Taurine[Derivation_Code],"Copper, Cu[Output_Value]","Copper, Cu[Output_UOM]","Copper, Cu[Derivation_Code]","Magnesium, Mg[Output_Value]","Magnesium, Mg[Output_UOM]","Magnesium, Mg[Derivation_Code]",Glutamic acid[Output_Value],Glutamic acid[Output_UOM],Glutamic acid[Derivation_Code],10:0[Output_Value],10:0[Output_UOM],10:0[Derivation_Code],"Folate, DFE[Output_Value]","Folate, DFE[Output_UOM]","Folate, DFE[Derivation_Code]","Sugars, total[Output_Value]","Sugars, total[Output_UOM]","Sugars, total[Derivation_Code]",Ribose[Output_Value],Ribose[Output_UOM],Ribose[Derivation_Code],12:0[Output_Value],12:0[Output_UOM],12:0[Derivation_Code],Xylitol[Output_Value],Xylitol[Output_UOM],Xylitol[Derivation_Code],"Folate, total[Output_Value]","Folate, total[Output_UOM]","Folate, total[Derivation_Code]",18:2 undifferentiated[Output_Value],18:2 undifferentiated[Output_UOM],18:2 undifferentiated[Derivation_Code],Tyrosine[Output_Value],Tyrosine[Output_UOM],Tyrosine[Derivation_Code],Lysine[Output_Value],Lysine[Output_UOM],Lysine[Derivation_Code],Inulin[Output_Value],Inulin[Output_UOM],Inulin[Derivation_Code],"Selenium, Se[Output_Value]","Selenium, Se[Output_UOM]","Selenium, Se[Derivation_Code]",Fructose[Output_Value],Fructose[Output_UOM],Fructose[Derivation_Code],Isoleucine[Output_Value],Isoleucine[Output_UOM],Isoleucine[Derivation_Code],Phenylalanine[Output_Value],Phenylalanine[Output_UOM],Phenylalanine[Derivation_Code],Methionine[Output_Value],Methionine[Output_UOM],Methionine[Derivation_Code],allergy_eggs_milk,allergy_soy_peanuts,allergy_treenuts,allergy_fish_shellfish,allergy_wheat,has_fruits,has_vegetable,has_nuts,has_egg,has_chicken,has_pork,has_beef,has_lamp,has_seafood
45001524,MOCHI ICE CREAM BONBONS,LI,2017-11-15 19:19:38,"ICE CREAM INGREDIENTS: MILK, CREAM, SUGAR, STRAWBERRIES (STRAWBERRIES, SUGAR), CORN SYRUP SOLIDS, SKIM MILK, WHEY, NATURAL FLAVOR, GUAR GUM, MONO & DIGLYCERIDES, BEET JUICE AND BEET POWDER (FOR COLOR), CELLULOSE GUM, LOCUST BEAN GUM, CARRAGEENAN. COATING INGREDIENTS: SUGAR, WATER, RICE FLOUR, TREHALOSE, EGG WHITES, BEET JUICE AND BEET POWDER (FOR COLOR), DUSTED WITH CORN & POTATO STARCH",40.0,g,1.0,PIECE,,,,,3.75,g,LCCS,2.5,g,LCCS,,,,,,,,,,,,,,,,75.0,mg,LCCS,,,,,,,,,,,,,,,,200.0,kcal,LCCS,,,,,,,,,,,,,,,,,,,,,,3.0,mg,LCCD,,,,,,,,,,,,,,,,,,,,,,,,,,,,,,,,,,,,,,,,,,,,,,,,,,,,0.0,IU,LCCD,,,,,,,0.0,g,LCCD,0.0,mg,LCCD,0.0,g,LCCS,,,,50.0,mg,LCCD,,,,,,,,,,,,,25.0,mg,LCCS,,,,,,,,,,35.0,g,LCCS,,,,,,,6.25,g,LCCS,,,,,,,,,,,,,,,,,,,,,,,,,,,,,,,,,,,,,,,,,,,,,,,,,,,,,,,,,,,,,30.0,g,LCCS,,,,,,,,,,,,,,,,,,,,,,,,,,,,,,,,,,,,,,,,True,False,False,False,False,True,True,False,True,False,False,False,False,False
45001528,CHIPOTLE BARBECUE SAUCE,LI,2018-04-26 17:23:31,"WATER, SUGAR, TOMATO PASTE, MOLASSES, DISTILLED VINEGAR, CONTAINS 2% OR LESS OF: CORN STARCH, SALT, DRIED CHIPOTLE PEPPER, NATURAL SMOKE FLAVOR, MUSTARD FLOUR, DRIED GARLIC, DRIED ONION, SPICES.",37.0,g,2.0,Tbsp,,,,,0.0,g,LCCD,0.0,g,LCCS,,,,,,,,,,,,,,,,703.0,mg,LCCS,,,,,,,,,,,,,,,,162.0,kcal,LCCS,,,,,,,,,,,,,,,,,,,,,,9.7,mg,LCCD,,,,,,,,,,,,,,,,,,,,,,,,,,,,,,,,,,,,,,,,,,,,,,,,,,,,270.0,IU,LCCD,,,,,,,0.0,g,LCCD,0.0,mg,LCCD,0.0,g,LCCS,,,,0.0,mg,LCCD,,,,,,,,,,,,,0.0,mg,LCCD,,,,,,,,,,43.24,g,LCCS,,,,,,,0.0,g,LCCD,,,,,,,,,,,,,,,,,,,,,,,,,,,,,,,,,,,,,,,,,,,,,,,,,,,,,,,,,,,,,37.84,g,LCCS,,,,,,,,,,,,,,,,,,,,,,,,,,,,,,,,,,,,,,,,False,False,False,False,False,False,True,False,False,False,False,False,False,False
45001588,"GREAT MIDWEST, CRANBERRY CHEDDAR",LI,2018-04-26 11:55:23,"CHEDDAR CHEESE (PASTEURIZED MILK, CHEESE CULTURES, SALT, ENZYMES), CRANBERRIES, SUGAR, SUNFLOWER OIL, NATURAL FLAVOR.",28.0,g,1.0,""" CUBE.",,,,,17.86,g,LCCS,25.0,g,LCCS,,,,,,,,,,,,,,,,607.0,mg,LCCS,,,,,,,,,,,,,,,,393.0,kcal,LCCS,,,,,,,,,,,,,,,,,,,,,,0.0,mg,LCCD,,,,,,,,,,,,,,,,,,,,,,,,,,,,,,,,,,,,,,,,,,,,,,,,,,,,1071.0,IU,LCCD,,,,,,,0.0,g,LCCD,0.0,mg,LCCD,0.0,g,LCCS,,,,714.0,mg,LCCD,,,,,,,,,,,,,89.0,mg,LCCS,,,,,,,,,,7.14,g,LCCS,,,,,,,32.14,g,LCCS,,,,,,,,,,,,,,,,,,,,,,,,,,,,,,,,,,,,,,,,,,,,,,,,,,,,,,,,,,,,,3.57,g,LCCS,,,,,,,,,,,,,,,,,,,,,,,,,,,,,,,,,,,,,,,,True,False,False,False,False,False,False,False,True,False,False,False,False,False
45001598,ROASTED RED PEPPER HUMMUS,LI,2018-03-11 02:26:48,"CHICKPEAS, ROASTED RED PEPPERS, SESAME TAHINI, CANOLA/OLIVE OIL BLEND, SALT, CITRIC ACID, NATURAL FLAVOR, GARLIC, SPICES, ACACIA GUM, XANTHAN GUM, GUAR GUM, POTASSIUM SORBATE AND SODIUM BENZOATE (TO MAINTAIN FRESHNESS).",28.0,g,2.0,Tbsp,,,,,1.79,g,LCCS,7.14,g,LCCS,,,,,,,,,,,,,,,,411.0,mg,LCCS,,,,,,,,,,,,,,,,214.0,kcal,LCCS,,,,,,,,,,,,,,,,,,,,,,12.9,mg,LCCD,,,,,,,,,,,,,,,,,,,,,,,,,,,,,,,,,,,,,,,,,,,,,,,,,,,,0.0,IU,LCCD,,,,,,,7.1,g,LCCS,2.57,mg,LCCD,0.0,g,LCCS,,,,0.0,mg,LCCD,,,,,,,,,,,,,0.0,mg,LCCD,,,,,,,,,,17.86,g,LCCS,,,,,,,12.5,g,LCCS,,,,,,,,,,,,,,,,,,,,,,,,,,,,,,,,,,,,,,,,,,,,,,,,,,,,,,,,,,,,,3.57,g,LCCS,,,,,,,,,,,,,,,,,,,,,,,,,,,,,,,,,,,,,,,,False,True,False,False,False,True,True,False,False,False,False,False,False,False
45001612,VANILLA BEAN ICE CREAM,LI,2018-04-26 11:01:37,"MILK, SUGAR ,CORN SYRUP, CREAM, TAPIOCA STARCH, WHEY PROTEIN ISOLATE, MONO- AND DI-GLYCERIDES, GUAR GUM, TARA GUM, CELLULOSE GUM, XANTHAN GUM, CARRAGEENAN, DEXTROSE, NATURAL VANILLA FLAVOR, VANILLA BEAN, VITAMIN A PALMITATE.",65.0,g,0.5,cup,,,,,3.08,g,LCCS,4.62,g,LCCS,,,,,,,,,,,,,,,,85.0,mg,LCCS,,,,,,,,,,,,,,,,169.0,kcal,LCCS,,,,,,,,,,,,,,,,,,,,,,0.0,mg,LCCD,,,,,,,,,,,,,,,,,,,,,,,,,,,,,,,,,,,,,,,,,,,,,,,,,,,,462.0,IU,LCCD,,,,,,,1.5,g,LCSL,0.0,mg,LCCD,0.0,g,LCCS,,,,154.0,mg,LCCD,,,,,,,,,,,,,23.0,mg,LCCS,,,,,,,,,,20.0,g,LCCS,,,,,,,6.15,g,LCCS,,,,,,,,,,,,,,,,,,,,,,,,,,,,,,,,,,,,,,,,,,,,,,,,,,,,,,,,,,,,,16.92,g,LCCS,,,,,,,,,,,,,,,,,,,,,,,,,,,,,,,,,,,,,,,,True,False,False,False,False,False,True,False,True,False,False,False,False,False
45001630,GELATO,LI,2018-04-26 17:09:44,"WHOLE MILK, SUGAR, CREAM, COCOA PROCESSED WITH ALKALI, SKIM MILK POWDER, COCOA LIQUOR, COCOA BUTTER, SOY LECITHIN, VANILLA EXTRACT, LOCUST BEAN GUM, GUAR GUM, CARRAGEENAN, MONO- AND DI-GLYCERIDES.",95.0,g,0.5,cup,,,,,6.32,g,LCCS,5.26,g,LCCS,,,,,,,,,,,,,,,,47.0,mg,LCCS,,,,,,,,,,,,,,,,200.0,kcal,LCCS,,,,,,,,,,,,,,,,,,,,,,0.0,mg,LCCD,,,,,,,,,,,,,,,,,,,,,,,,,,,,,,,,,,,,,,,,,,,,,,,,,,,,211.0,IU,LCCD,,,,,,,1.1,g,LCCS,2.84,mg,LCCD,0.0,g,LCCS,,,,105.0,mg,LCCD,,,,,,,,,,,,,21.0,mg,LCCS,,,,,,,,,,24.21,g,LCCS,,,,,,,9.47,g,LCCS,,,,,,,,,,,,,,,,,,,,,,,,,,,,,,,,,,,,,,,,,,,,,,,,,,,,,,,,,,,,,22.11,g,LCCS,,,,,,,,,,,,,,,,,,,,,,,,,,,,,,,,,,,,,,,,True,True,False,False,False,False,False,False,True,False,False,False,False,False
45001660,SPAGHETTI,LI,2018-04-30 17:21:54,"DURUM WHEAT SEMOLINA, NIACIN, FERROUS SULFATE (IRON), THIAMIN MONONITRATE, RIBOFLAVIN, FOLIC ACID.",56.0,g,0.062,PKG,,,,,0.0,g,LCCD,12.5,g,LCCS,,,,,,,,,,,,,,,,0.0,mg,LCCD,,,,,,,,,,,,,,,,375.0,kcal,LCCS,,,,,,,7.143,mg,LCCD,,,,,,,,,,,,,0.0,mg,LCCD,,,,,,,,,,,,,,,,,,,,,,,,,,,,,,,,,,,,,,,,,,,,,,,,,,,,0.0,IU,LCCD,,,,,,,3.6,g,LCCS,3.21,mg,LCCD,0.0,g,LCCS,,,,0.0,mg,LCCD,,,,,,,,,,,,,0.0,mg,LCCD,,,,,,,,,,73.21,g,LCCS,,,,,,,1.79,g,LCCS,,,,,,,,,,,,,0.455,mg,LCCD,,,,,,,,,,,,,1.0,mg,LCCD,,,,,,,,,,,,,,,,,,,,,,,,,,,,,,,3.57,g,LCCS,,,,,,,,,,,,,,,,,,,,,,,,,,,,,,,,,,,,,,,,False,False,False,False,True,False,False,False,False,False,False,False,False,False
45001668,WHOLE WHEAT MACARONI PRODUCT,LI,2018-03-05 15:05:09,WHOLE WHEAT DURUM FLOUR.,56.0,g,0.75,cup,,,,,0.0,g,LCCD,12.5,g,LCCS,,,,,,,,,,,,,,,,0.0,mg,LCCD,,,,,,,,,,,,,,,,375.0,kcal,LCCS,,,,,,,,,,,,,,,,,,,,,,0.0,mg,LCCD,,,,,,,,,,,,,,,,,,,,,,,,,,,,,,,,,,,,,,,,,,,,,,,,,,,,0.0,IU,LCCD,,,,,,,8.9,g,LCCS,3.21,mg,LCCD,0.0,g,LCCS,,,,36.0,mg,LCCD,,,,,,,,,,,,,0.0,mg,LCCD,,,,,,,,,,73.21,g,LCCS,,,,,,,2.68,g,LCCS,,,,,,,,,,,,,,,,,,,,,,,,,,,,,,,,,,,,,,,,,,,,,,,,,,,,,,,,,,,,,3.57,g,LCCS,,,,,,,,,,,,,,,,,,,,,,,,,,,,,,,,,,,,,,,,False,False,False,False,True,False,False,False,False,False,False,False,False,False
45001683,ALFREDO SAUCE,LI,2018-04-30 19:54:45,"WATER, CREAM, PARMESAN CHEESE (MILK, CULTURE, SALT, ENZYME, CELLULOSE), MODIFIED CORNSTARCH, CANOLA OIL, MODIFIED EGG YOLK (EGG YOLK, SALT, PHOSPHOLIPASE), SALT, ROMANO CHEESE (MILK, CULTURE, SALT, ENZYME, CELLULOSE), BUTTER, CHEESE FLAVOR, SUGAR, XANTHAN GUM, ROASTED GARLIC PUREE, ONION POWDER, GARLIC POWDER, BLACK PEPPER, LACTIC ACID.",62.0,g,0.25,cup,,,,,4.84,g,LCCS,3.23,g,LCCS,,,,,,,,,,,,,,,,661.0,mg,LCCS,,,,,,,,,,,,,,,,129.0,kcal,LCCS,,,,,,,,,,,,,,,,,,,,,,0.0,mg,LCCD,,,,,,,,,,,,,,,,,,,,,,,,,,,,,,,,,,,,,,,,,,,,,,,,,,,,323.0,IU,LCCD,,,,,,,0.0,g,LCCD,0.0,mg,LCCD,0.0,g,LCCS,,,,65.0,mg,LCCD,,,,,,,,,,,,,48.0,mg,LCCS,,,,,,,,,,4.84,g,LCCS,,,,,,,11.29,g,LCCS,,,,,,,,,,,,,,,,,,,,,,,,,,,,,,,,,,,,,,,,,,,,,,,,,,,,,,,,,,,,,1.61,g,LCCS,,,,,,,,,,,,,,,,,,,,,,,,,,,,,,,,,,,,,,,,True,False,False,False,False,False,True,False,True,False,False,False,False,False
45001715,LOQUAT JAM,LI,2018-04-26 09:50:35,"LOQUAT, SUGAR, WATER AND CITRIC ACID. THICKEN: FRUIT PECTIN.",15.0,g,1.0,Tbsp,,,,,0.0,g,LCCD,0.0,g,LCCS,,,,,,,,,,,,,,,,0.0,mg,LCCD,,,,,,,,,,,,,,,,200.0,kcal,LCCS,,,,,,,,,,,,,,,,,,,,,,80.0,mg,LCCD,,,,,,,,,,,,,,,,,,,,,,,,,,,,,,,,,,,,,,,,,,,,,,,,,,,,0.0,IU,LCCD,,,,,,,0.0,g,LCCD,0.0,mg,LCCD,,,,,,,0.0,mg,LCCD,,,,,,,,,,,,,0.0,mg,LCCD,,,,,,,,,,46.67,g,LCCS,,,,,,,0.0,g,LCCD,,,,,,,,,,,,,,,,,,,,,,,,,,,,,,,,,,,,,,,,,,,,,,,,,,,,,,,,,,,,,40.0,g,LCCS,,,,,,,,,,,,,,,,,,,,,,,,,,,,,,,,,,,,,,,,False,False,False,False,False,True,False,False,False,False,False,False,False,False
45001751,SHELLS & WHITE CHEDDAR CHEESE,LI,2018-04-16 18:27:04,"ORGANIC ENRICHED PETITE PASTA SHELLS [ORGANIC DURUM WHEAT SEMOLINA FLOUR (NIACIN, REDUCED IRON, THIAMIN MONONITRATE, RIBOFLAVIN, FOLIC ACID)], ORGANIC WHITE CHEDDAR CHEESE (ORGANIC CULTURED PASTEURIZED MILK, SALT, ENZYMES, ORGANIC NONFAT MILK, ORGANIC WHEY, DISODIUM PHOSPHATE), ORGANIC NATURAL FLAVOR, ORGANIC NONFAT MILK, LACTIC ACID, CALCIUM SULFATE.",71.0,g,0.67,cup,,,,,2.82,g,LCCS,15.49,g,LCCS,,,,,,,,,,,,,,,,662.0,mg,LCCS,,,,,,,,,,,,,,,,380.0,kcal,LCCS,,,,,,,,,,,,,,,,,,,,,,0.0,mg,LCCD,,,,,,,,,,,,,,,,,,,,,,,,,,,,,,,,,,,,,,,,,,,,,,,,,,,,0.0,IU,LCCD,,,,,,,2.8,g,LCCS,1.01,mg,LCCD,0.0,g,LCCS,,,,0.0,mg,LCCD,,,,,,,,,,,,,14.0,mg,LCCS,,,,,,,,,,64.79,g,LCCS,,,,,,,4.93,g,LCCS,,,,,,,,,,,,,,,,,,,,,,,,,,,,,,,,,,,,,,,,,,,,,,,,,,,,,,,,,,,,,1.41,g,LCCS,,,,,,,,,,,,,,,,,,,,,,,,,,,,,,,,,,,,,,,,True,False,False,False,True,False,False,False,True,False,False,False,False,False
45001772,BLACK RICE,LI,2018-04-27 11:33:13,MEDIUM GRAIN BLACK RICE.,45.0,g,0.25,cup,,,,,0.0,g,LCCD,8.89,g,LCCS,,,,,,,,,,,,,,,,0.0,mg,LCCD,,,,,,,,,,,,,,,,356.0,kcal,LCCS,,,,,,,,,,,,,,,,,,,,,,0.0,mg,LCCD,,,,,,,,,,,,,,,,,,,,,,,,,,,,,,,,,,,,,,,,,,,,,,,,,,,,0.0,IU,LCCD,,,,,,,2.2,g,LCCS,2.4,mg,LCCD,0.0,g,LCCS,,,,0.0,mg,LCCD,,,,,,,,,,,,,0.0,mg,LCCD,,,,,,,,,,75.56,g,LCCS,,,,,,,3.33,g,LCCS,,,,,,,,,,,,,,,,,,,,,,,,,,,,,,,,,,,,,,,,,,,,,,,,,,,,,,,,,,,,,0.0,g,LCCS,,,,,,,,,,,,,,,,,,,,,,,,,,,,,,,,,,,,,,,,False,False,False,False,False,False,False,False,False,False,False,False,False,False
45001785,"FRESH & EASY, GREEN LENTILS",LI,2018-04-26 10:04:10,GREEN LENTILS.,50.0,g,0.25,cup,,,,,0.0,g,LCCD,26.0,g,LCCS,,,,,,,,,,,,,,,,0.0,mg,LCCD,,,,,,,,,,,,,,,,360.0,kcal,LCCS,,,,,,,,,,,,,,,,,,,,,,4.8,mg,LCCD,,,,,,,,,,,,,,,,,,,,,,,,,,,,,,,,,,,,,,,,,,,,,,,,,,,,0.0,IU,LCCD,,,,,,,30.0,g,LCCS,7.2,mg,LCCD,0.0,g,LCCS,,,,40.0,mg,LCCD,,,,,,,,,,,,,0.0,mg,LCCD,,,,,,,,,,60.0,g,LCCS,,,,,,,1.0,g,LCCS,,,,,,,,,,,,,,,,,,,,,,,,,,,,,,,,,,,,,,,,,,,,,,,,,,,,,,,,,,,,,2.0,g,LCCS,,,,,,,,,,,,,,,,,,,,,,,,,,,,,,,,,,,,,,,,False,True,False,False,False,False,True,False,False,False,False,False,False,False
45001819,"FRESH & EASY, SWAI FELLETS",LI,2018-01-09 22:42:53,FARM-RAISED SWAI (PANGASIUS HYPOPHTHALMUS).,112.0,g,4.0,ONZ,,,,,0.89,g,LCCS,13.39,g,LCCS,,,,,,,,,,,,,,,,62.0,mg,LCCS,,,,,,,,,,,,,,,,98.0,kcal,LCCS,,,,,,,,,,,,,,,,,,,,,,0.0,mg,LCCD,,,,,,,,,,,,,,,,,,,,,,,,,,,,,,,,,,,,,,,,,,,,,,,,,,,,0.0,IU,LCCD,,,,,,,0.0,g,LCCD,0.0,mg,LCCD,0.0,g,LCCS,,,,36.0,mg,LCCD,,,,,,,,,,,,,36.0,mg,LCCS,,,,,,,,,,0.0,g,LCCD,,,,,,,1.79,g,LCCS,,,,,,,,,,,,,,,,,,,,,,,,,,,,,,,,,,,,,,,,,,,,,,,,,,,,,,,,,,,,,0.0,g,LCCS,,,,,,,,,,,,,,,,,,,,,,,,,,,,,,,,,,,,,,,,False,False,False,False,False,False,False,False,False,False,False,False,False,False
45001821,"FRESH & EASY, MAHI MAHI FILLETS",LI,2018-03-27 18:39:05,WILD CAUGHT MAHI MAHI.,112.0,g,4.0,ONZ,,,,,0.0,g,LCCD,18.75,g,LCCS,,,,,,,,,,,,,,,,125.0,mg,LCCS,,,,,,,,,,,,,,,,80.0,kcal,LCCS,,,,,,,,,,,,,,,,,,,,,,0.0,mg,LCCD,,,,,,,,,,,,,,,,,,,,,,,,,,,,,,,,,,,,,,,,,,,,,,,,,,,,179.0,IU,LCCD,,,,,,,0.0,g,LCCD,1.61,mg,LCCD,0.0,g,LCCS,,,,0.0,mg,LCCD,,,,,,,,,,,,,71.0,mg,LCCS,,,,,,,,,,0.0,g,LCCD,,,,,,,0.89,g,LCCS,,,,,,,,,,,,,,,,,,,,,,,,,,,,,,,,,,,,,,,,,,,,,,,,,,,,,,,,,,,,,0.0,g,LCCS,,,,,,,,,,,,,,,,,,,,,,,,,,,,,,,,,,,,,,,,False,False,False,False,False,False,False,False,False,False,False,False,False,False
45001866,MINI MUFFINS,LI,2017-12-31 03:19:32,"SOYBEAN OIL, SUGAR, ENRICHED FLOUR (WHEAT FLOUR, NIACIN, FERROUS SULFATE, THIAMIN MONONITRATE, RIBOFLAVIN, FOLIC ACID, MALTED BARLEY FLOUR), EGGS, MILK, WALNUTS, BANANAS WITH ASCORBIC ACID AND CITRIC ACID, MODIFIED CORN STARCH. CONTAINS 2% OR LESS OF WHEY, EMULSIFIER (MONOGLYCERIDES, PROPYLENE GLYCOL MONOESTERS, SODIUM STEAROYL LACTYLATE, CALCIUM SILICATE), WHEAT GLUTEN, SOY LECITHIN, WHEAT STARCH, BANANA EMULSION (ARTIFICIAL FLAVOR, WATER, PROPYLENE GLYCOL, TRAGACANTH GUM, CITRIC ACID, SODIUM BENZOATE), SALT, CAKE FLOUR (BLEACHED WHEAT FLOUR, NIACIN, REDUCED IRON, THIAMIN MONONITRATE, RIBOFLAVIN, FOLIC ACID), ACIDIC SODIUM ALUMINUM PHOSPHATE WITH ALUMINUM SULFATE, SODIUM BICARBONATE, CALCIUM PROPIONATE (PRESERVATIVE), CARAMEL COLOR ALMOND FLOUR.",50.0,g,2.0,MUFFINS,,,,,4.0,g,LCCS,6.0,g,LCCS,,,,,,,,,,,,,,,,320.0,mg,LCCS,,,,,,,,,,,,,,,,420.0,kcal,LCCS,,,,,,,,,,,,,,,,,,,12.0,g,LCCS,2.4,mg,LCCD,,,,,,,,,,,,,,,,,,,,,,,,,,,,,,,,,,,,,,,,,,,,,,,,,5.0,g,LCCS,0.0,IU,LCCD,,,,,,,2.0,g,LCCS,2.16,mg,LCCD,0.0,g,LCCS,,,,80.0,mg,LCCD,,,,,,,,,,,,,50.0,mg,LCCS,,,,,,,,,,46.0,g,LCCS,,,,,,,26.0,g,LCCS,,,,,,,,,,,,,,,,,,,,,,,,,,,,,,,,,,,,,,,,,,,,,,,,,,,,,,,,,,,,,26.0,g,LCCS,,,,,,,,,,,,,,,,,,,,,,,,,,,,,,,,,,,,,,,,True,True,True,False,True,True,True,True,True,True,False,False,False,False
45001908,"CULINARIA, KAMUT BLEND RICE MIX",LI,2018-04-27 11:48:50,"KAMUT BRAND KHORASAN WHEAT, COLUSARI RED RICE, WILD RICE.",45.0,g,0.25,cup,,,,,0.0,g,LCCD,11.11,g,LCCS,,,,,,,,,,,,,,,,0.0,mg,LCCD,,,,,,,,,,,,,,,,378.0,kcal,LCCS,,,,,,,,,,,,,,,,,,,,,,0.0,mg,LCCD,,,,,,,,,,,,,,,,,,,,,,,,,,,,,,,,,,,,,,,,,,,,,,,,,,,,0.0,IU,LCCD,,,,,,,13.3,g,LCCS,3.2,mg,LCCD,0.0,g,LCCS,,,,44.0,mg,LCCD,,,,,,,,,,,,,0.0,mg,LCCD,,,,,,,,,,75.56,g,LCCS,,,,,,,2.22,g,LCCS,,,,,,,,,,,,,,,,,,,,,,,,,,,,,,,,,,,,,,,,,,,,,,,,,,,,,,,,,,,,,0.0,g,LCCS,,,,,,,,,,,,,,,,,,,,,,,,,,,,,,,,,,,,,,,,False,False,False,False,True,False,False,False,False,False,False,False,False,False
45001928,SUPER GREENS!,LI,2017-12-22 22:44:47,"BABY RED CHARD, BABY TAT SOI, BABY SPINACH, BABY GREEN SWISS CHARD, BABY ARUGULA.",85.0,g,3.0,cup,,,,,0.0,g,LCCD,2.35,g,LCCS,,,,,,,,,,,,,442.4,mcg,LCCD,112.0,mg,LCCS,,,,,,,,,,,,,,,,24.0,kcal,LCCS,,,,435.0,mg,LCCS,,,,,,,,,,,,,,,,49.4,mg,LCCD,,,,,,,,,,,,,,,,,,,,,,,,,,,,,,,,,,,,,,,,,,,,,,,,,,,,7059.0,IU,LCCD,,,,,,,2.4,g,LCCS,1.69,mg,LCCD,0.0,g,LCCS,,,,118.0,mg,LCCD,,,,,,,,,,,,,0.0,mg,LCCD,,,,,,,,,,3.53,g,LCCS,,,,,,,0.0,g,LCCD,,,,,,,,,,,,,,,,,,,,,,,,,,,,,,,,,,,,,,,,0.0,mg,LCCD,,,,,,,47.0,mg,LCCD,,,,,,,,,,1.18,g,LCSL,,,,,,,,,,94.0,mcg,LCCD,,,,,,,,,,,,,,,,,,,,,,,,,,,,False,False,False,False,False,False,True,False,False,False,False,False,False,False
45001939,TZATZIKI SAUCE,LI,2018-04-27 11:18:35,"SOUR CREAM (GRADE A CULTURED CREAM, ENZYME), LOW-FAT PLAIN YOGURT (GRADE A PASTEURIZED CULTURED LOW-FAT MILK, NON-FAT DRY MILK, AND GELATIN), FRESH CUCUMBERS, FRESH GARLIC, LEMON JUICE, OIL BLEND (CANOLA OIL, EXTRA VIRGIN OLIVE OIL), WHITE WINE VINEGAR (CONTAINS SULFITES), CULTURED MILK (SKIM MILK, CULTURED SKIM MILK), SPICES, GUAR GUM, XANTHAN GUM.",30.0,g,2.0,Tbsp,,,,,5.0,g,LCCS,3.33,g,LCCS,,,,,,,,,,,,,,,,83.0,mg,LCCS,,,,,,,,,,,,,,,,133.0,kcal,LCCS,,,,,,,,,,,,,,,,,,,,,,4.0,mg,LCCD,,,,,,,,,,,,,,,,,,,,,,,,,,,,,,,,,,,,,,,,,,,,,,,,,,,,333.0,IU,LCCD,,,,,,,0.0,g,LCCD,0.0,mg,LCCD,0.0,g,LCCS,,,,133.0,mg,LCCD,,,,,,,,,,,,,17.0,mg,LCCS,,,,,,,,,,6.67,g,LCCS,,,,,,,10.0,g,LCCS,,,,,,,,,,,,,,,,,,,,,,,,,,,,,,,,,,,,,,,,,,,,,,,,,,,,,,,,,,,,,3.33,g,LCCS,,,,,,,,,,,,,,,,,,,,,,,,,,,,,,,,,,,,,,,,True,False,False,False,False,True,True,False,True,False,False,False,False,False
45001987,ORGANIC CHEESE,LI,2018-04-29 03:03:57,"PASTEURIZED ORGANIC MILK, ORGANIC JALAPENO PEPPERS, ORGANIC BELL PEPPERS, CHEESE CULTURES, SEA SALT AND VEGETABLE ENZYMES.",28.0,g,1.0,ONZ,,,,,17.86,g,LCCS,25.0,g,LCCS,,,,,,,,,,,,,,,,607.0,mg,LCCS,,,,,,,,,,,,,,,,393.0,kcal,LCCS,,,,,,,,,,,,,,,,,,,,,,0.0,mg,LCCD,,,,,,,,,,,,,,,,,,,,,,,,,,,,,,,,,,,,,,,,,,,,,,,,,,,,1071.0,IU,LCCD,,,,,,,0.0,g,LCCS,0.0,mg,LCCD,0.0,g,LCCS,,,,714.0,mg,LCCD,,,,,,,,,,,,,107.0,mg,LCCS,,,,,,,,,,3.57,g,LCCS,,,,,,,32.14,g,LCCS,,,,,,,,,,,,,,,,,,,,,,,,,,,,,,,,,,,,,,,,,,,,,,,,,,,,,,,,,,,,,0.0,g,LCCS,,,,,,,,,,,,,,,,,,,,,,,,,,,,,,,,,,,,,,,,True,False,False,False,False,False,True,False,True,False,False,False,False,False
45001989,CORN FLAKES,LI,2018-04-27 13:52:13,"ORGANIC MILLED CORN, SEA SALT.",34.0,g,1.0,cup,,,,,0.0,g,LCCD,8.82,g,LCCS,,,,,,,,,,,,,,,,176.0,mg,LCCS,,,,,,,,,,,,,,,,382.0,kcal,LCCS,,,,176.0,mg,LCCS,,,,,,,,,,,,,,,,0.0,mg,LCCD,,,,,,,,,,,,,,,,,,,,,,,,,,,,118.0,mg,LCCD,,,,,,,,,,,,,,,,,,,,,,294.0,IU,LCCD,,,,,,,2.9,g,LCCS,1.06,mg,LCCD,0.0,g,LCCS,,,,0.0,mg,LCCD,,,,,,,,,,,,,0.0,mg,LCCD,,,,,,,,,,88.24,g,LCCS,,,,,,,0.0,g,LCCD,,,,,,,,,,,,,,,,,,,,,,,,,,,,,,,,,,,,,,,,,,,,,,,,,47.0,mg,LCCD,,,,,,,,,,0.0,g,LCCS,,,,,,,,,,,,,,,,,,,,,,,,,,,,,,,,,,,,,,,,False,False,False,False,False,False,True,False,False,False,False,False,False,False
45002014,VANILLA ALMOND NATURALLY FLAVORED CLUSTERS & FLAKES,LI,2018-04-29 04:22:28,"CORN FLOUR, WHOLE ROLLED OATS, MILLED CANE SUGAR, ALMONDS, VEGETABLE OIL (CANOLA AND/OR SAFFLOWER AND/OR SUNFLOWER OIL), RICE FLOUR, BARLEY MALT SYRUP, CORNSTARCH, BROWN RICE SYRUP, SALT, NATURAL FLAVOR, CINNAMON BARK, ANNATTO (FOR COLOR), TURMERIC (FOR COLOR), PURPLE CARROT JUICE (FOR COLOR), GINGER ROOT, CARDAMOM SEED, BLACK PEPPER, CLOVE BUD.",55.0,g,1.0,cup,,,,,0.91,g,LCCS,9.09,g,LCCS,,,,,,,,,,,,,,,,382.0,mg,LCCS,,,,,,,,,,,,,,,,436.0,kcal,LCCS,,,,,,,,,,,,,,,,,,,,,,0.0,mg,LCCD,,,,,,,,,,,,,,,,,,,,,,,,,,,,,,,,,,,,,,,,,,,,,,,,,,,,0.0,IU,LCCD,,,,,,,5.5,g,LCCS,1.96,mg,LCCD,0.0,g,LCCS,,,,36.0,mg,LCCD,,,,,,,,,,,,,0.0,mg,LCCD,,,,,,,,,,76.36,g,LCCS,,,,,,,10.91,g,LCCS,,,,,,,,,,,,,,,,,,,,,,,,,,,,,,,,,,,,,,,,,,,,,,,,,,,,,,,,,,,,,20.0,g,LCCS,,,,,,,,,,,,,,,,,,,,,,,,,,,,,,,,,,,,,,,,False,False,False,False,False,True,True,False,False,False,False,False,False,False
45002133,ORGANIC NONFAT YOGURT,LI,2018-04-29 20:20:23,"ORGANIC CULTURED PASTEURIZED NONFAT MILK, ORGANIC CANE SUGAR, ORGANIC STRAWBERRIES, ORGANIC GUAVA PUREE, NATURAL FLAVOR, ORGANIC LOCUST BEAN GUM, PECTIN, VEGETABLE JUICE FOR COLOR.",170.0,g,1.0,CONTAINER,,,,,0.0,g,LCCD,4.12,g,LCCS,,,,,,,,,,,,,,,,47.0,mg,LCCS,,,,,,,,,,,,,,,,76.0,kcal,LCCS,,,,,,,,,,,,,,,,,,,,,,5.3,mg,LCCD,,,,,,,,,,,,,,,,,,,,,,,,,,,,,,,,,,,,,,,,,,,,,,,,,,,,0.0,IU,LCCD,,,,,,,0.0,g,LCCD,0.85,mg,LCCD,0.0,g,LCCS,,,,147.0,mg,LCCD,,,,,,,,,,,,,6.0,mg,LCCS,,,,,,,,,,14.71,g,LCCS,,,,,,,0.0,g,LCCD,,,,,,,,,,,,,,,,,,,,,,,,,,,,,,,,,,,,,,,,,,,,,,,,,,,,,,,,,,,,,11.76,g,LCCS,,,,,,,,,,,,,,,,,,,,,,,,,,,,,,,,,,,,,,,,True,False,False,False,False,True,True,False,True,False,False,False,False,False
45002164,STRAWBERRY SAUCE,LI,2018-04-29 20:33:47,"ORGANIC STRAWBERRIES, ORGANIC GRAPE JUICE CONCENTRATE",35.0,g,2.0,Tbsp,,,,,0.0,g,LCCD,0.0,g,LCCS,,,,,,,,,,,,,,,,0.0,mg,LCCD,,,,,,,,,,,,,,,,286.0,kcal,LCCS,,,,,,,,,,,,,,,,,,,,,,3.4,mg,LCCD,,,,,,,,,,,,,,,,,,,,,,,,,,,,,,,,,,,,,,,,,,,,,,,,,,,,0.0,IU,LCCD,,,,,,,0.0,g,LCCD,0.0,mg,LCCD,0.0,g,LCCS,,,,0.0,mg,LCCD,,,,,,,,,,,,,0.0,mg,LCCD,,,,,,,,,,71.43,g,LCCS,,,,,,,0.0,g,LCCD,,,,,,,,,,,,,,,,,,,,,,,,,,,,,,,,,,,,,,,,,,,,,,,,,,,,,,,,,,,,,68.57,g,LCCS,,,,,,,,,,,,,,,,,,,,,,,,,,,,,,,,,,,,,,,,False,False,False,False,False,True,True,False,False,False,False,False,False,False
45002191,ANGEL FOOD CAKE,LI,2018-04-30 18:16:32,"EGG WHITES (WITH TRIETHYL CITRATE FOR WHIPPING), SUGAR, BLEACHED ENRICHED FLOUR (BLEACHED WHEAT FLOUR, NIACIN, REDUCED IRON, THIAMIN MONONITRATE, RIBOFLAVIN, FOLIC ACID). CONTAINS 2% OR LESS OF SALT, CALCIUM SULFATE, MONOCALCIUM PHOSPHATE, ADIPIC ACID, WHEAT AND CORN STARCH, NATURAL AND ARTIFICIAL FLAVORS, SODIUM DIACETATE (PRESERVATIVE).",46.0,g,0.125,CAKE,,,,,0.0,g,LCCD,6.52,g,LCCS,,,,,,,,,,,,,,,,304.0,mg,LCCS,,,,,,,,,,,,,,,,304.0,kcal,LCCS,,,,,,,,,,,,,,,,,,,,,,0.0,mg,LCCD,,,,,,,,,,,,,,,,,,,,,,,,,,,,,,,,,,,,,,,,,,,,,,,,,,,,0.0,IU,LCCD,,,,,,,2.2,g,LCSL,0.0,mg,LCCD,0.0,g,LCCS,,,,0.0,mg,LCCD,,,,,,,,,,,,,0.0,mg,LCCD,,,,,,,,,,67.39,g,LCCS,,,,,,,0.0,g,LCCD,,,,,,,,,,,,,,,,,,,,,,,,,,,,,,,,,,,,,,,,,,,,,,,,,,,,,,,,,,,,,45.65,g,LCCS,,,,,,,,,,,,,,,,,,,,,,,,,,,,,,,,,,,,,,,,True,False,False,False,True,False,True,False,True,False,False,False,False,False
45002204,GROUND BEEF BURGERS (OMAHA STEAKS BURGERS),LI,2018-04-30 16:22:02,GROUND BEEF.,113.0,g,1.0,BURGER,,,,,7.96,g,LCCS,16.81,g,LCCS,,,,,,,,,,,,,,,,66.0,mg,LCCS,,,,,,,,,,,,,,,,257.0,kcal,LCCS,,,,,,,,,,,,,,,,,,,,,,0.0,mg,LCCD,,,,,,,,,,,,,,,,,,,,,,,,,,,,,,,,,,,,,,,,,,,,,,,,,,,,0.0,IU,LCCD,,,,,,,0.0,g,LCCD,1.59,mg,LCCD,0.0,g,LCCS,,,,18.0,mg,LCCD,,,,,,,,,,,,,71.0,mg,LCCS,,,,,,,,,,0.0,g,LCCD,,,,,,,20.35,g,LCCS,,,,,,,,,,,,,,,,,,,,,,,,,,,,,,,,,,,,,,,,,,,,,,,,,,,,,,,,,,,,,0.0,g,LCCS,,,,,,,,,,,,,,,,,,,,,,,,,,,,,,,,,,,,,,,,False,False,False,False,False,False,False,False,False,False,False,True,False,False
45002225,"DR.PRAEGER'S, CALIFORNIA VEGGIE POCKETS, ALL NATURAL",LI,2018-04-30 18:13:41,"FILLING (CARROTS, ONIONS, STRING BEANS, SOYBEANS, ZUCCHINI, OAT BRAN, PEAS, CORN SPINACH BROCCOLI, POTATO FLAKES, RED PEPPERS, ARROWROOT, EXPELLER PRESSED CANOLA OIL, CORNMEAL, GARLIC, SALT, PARSLEY, BLACK PEPPER), DOUGH (WHOLE WHEAT FLOUR, FILTERED WATER, SUGAR, EXPELLER PRESSED CANOLA OIL, SALT), EXPELLER PRESSED CANOLA OIL",78.0,g,1.0,POCKET,,,,,0.0,g,LCCD,6.41,g,LCCS,,,,,,,,,,,,,,,,308.0,mg,LCCS,,,,,,,,,,,,,,,,192.0,kcal,LCCS,,,,,,,,,,,,,,,,,,,,,,0.0,mg,LCCD,,,,,,,,,,,,,,,,,,,,,,,,,,,,,,,,,,,,,,,,,,,,,,,,,,,,3205.0,IU,LCCD,,,,,,,6.4,g,LCCS,1.85,mg,LCCD,0.0,g,LCCS,,,,51.0,mg,LCCD,,,,,,,,,,,,,0.0,mg,LCCD,,,,,,,,,,28.21,g,LCCS,,,,,,,6.41,g,LCCS,,,,,,,,,,,,,,,,,,,,,,,,,,,,,,,,,,,,,,,,,,,,,,,,,,,,,,,,,,,,,2.56,g,LCCS,,,,,,,,,,,,,,,,,,,,,,,,,,,,,,,,,,,,,,,,False,True,False,False,True,False,True,False,False,False,False,False,False,False
45002250,MILK,LI,2018-04-30 19:06:10,"MILK, HIGH FRUCTOSE CORN SYRUP, SUGAR, NONFAT DRY MILK, CORN STARCH, COCOA, COCOA (PROCESSED WITH ALKALI), SALT, CARRAGEENAN, NATURAL AND ARTIFICIAL FLAVOR, VITAMIN D3",240.0,ml,1.0,cup,,,,,2.08,g,LCCS,3.33,g,LCCS,,,,,,,,,,,,,,,,100.0,mg,LCCS,42.0,IU,LCCD,,,,,,,,,,,,,92.0,kcal,LCCS,,,,154.0,mg,LCCS,,,,,,,,,,,,,,,,1.5,mg,LCCD,,,,,,,,,,,,,,,,,,,,,,,,,,,,104.0,mg,LCCD,,,,,,,,,,,,,,,,,,,,,,125.0,IU,LCCD,,,,,,,0.0,g,LCCD,0.15,mg,LCCD,0.0,g,LCCS,,,,125.0,mg,LCCD,,,,,,,,,,,,,12.0,mg,LCCS,,,,,,,,,,11.67,g,LCCS,,,,,,,3.33,g,LCCS,,,,,,,,,,,,,,,,,,,,,,,,,,,,,,,,,,,,,,,,,,,,,,,,,,,,,,,,,,,,,10.83,g,LCCS,,,,,,,,,,,,,,,,,,,,,,,,,,,,,,,,,,,,,,,,True,False,False,False,False,False,True,False,True,False,False,False,False,False
45002259,ITALIAN CHEERY TOMATOES,LI,2017-09-20 11:47:57,"ITALIAN CHERRY TOMATOES, TOMATO PUREE.",122.0,g,0.5,cup,,,,,0.0,g,LCCD,0.82,g,LCCS,,,,,,,,,,,,,,,,16.0,mg,LCCS,,,,,,,,,,,,,,,,20.0,kcal,LCCS,,,,,,,,,,,,,,,,,,,,,,4.9,mg,LCCD,,,,,,,,,,,,,,,,,,,,,,,,,,,,,,,,,,,,,,,,,,,,,,,,,,,,410.0,IU,LCCD,,,,,,,1.6,g,LCCS,1.18,mg,LCCD,0.0,g,LCCS,,,,16.0,mg,LCCD,,,,,,,,,,,,,0.0,mg,LCCD,,,,,,,,,,4.92,g,LCCS,,,,,,,0.0,g,LCCD,,,,,,,,,,,,,,,,,,,,,,,,,,,,,,,,,,,,,,,,,,,,,,,,,,,,,,,,,,,,,3.28,g,LCCS,,,,,,,,,,,,,,,,,,,,,,,,,,,,,,,,,,,,,,,,False,False,False,False,False,True,True,False,False,False,False,False,False,False
45002282,PUDDING,LI,2018-05-01 01:33:41,"WATER, NONFAT MILK, SUGAR, MODIFIED CORN STARCH, VEGETABLE OIL (CONTAINS ONE OR MORE OF THE FOLLOWING: PALM OIL, PARTIALLY HYDROGENATED PALM OIL, SUNFLOWER OIL, PARTIALLY HYDROGENATED SOYBEAN OIL), COCOA (PROCESSED WITH ALKALI), LESS THAN 2% OF: SALT, CALCIUM CARBONATE, SODIUM STEAROYL LACTYLATE, ARTIFICIAL FLAVORS, COLOR ADDED.",92.0,g,1.0,cup,,,,,1.63,g,LCCS,1.09,g,LCCS,,,,,,,,,,,,,,,,141.0,mg,LCCS,,,,,,,,,,,,,,,,130.0,kcal,LCCS,,,,141.0,mg,LCCS,,,,,,,,,,,,,0.0,g,LCCS,0.0,mg,LCCD,,,,,,,,,,,,,,,,,,,,,,,,,,,,,,,,,,,,,,,,,,,,,,,,,1.09,g,LCCS,0.0,IU,LCCD,,,,,,,2.2,g,LCCS,0.78,mg,LCCD,0.0,g,LCCS,,,,109.0,mg,LCCD,,,,,,,,,,,,,0.0,mg,LCCD,,,,,,,,,,22.83,g,LCCS,,,,,,,3.26,g,LCCS,,,,,,,,,,,,,,,,,,,,,,,,,,,,,,,,,,,,,,,,,,,,,,,,,,,,,,,,,,,,,15.22,g,LCCS,,,,,,,,,,,,,,,,,,,,,,,,,,,,,,,,,,,,,,,,True,True,False,False,False,False,True,False,True,False,False,False,False,False
45002304,QUESO FRESCO,LI,2018-05-01 00:13:57,"PASTEURIZED WHOLE MILK, CHEESE CULTURE, SALT, ENZYMES.PAST COWS MILK, SALT, ENZYMES, CULTURES, RENNET.",28.0,g,1.0,ONZ,,,,,17.86,g,LCCS,21.43,g,LCCS,,,,,,,,,,,,,,,,1250.0,mg,LCCS,,,,,,,,,,,,,,,,321.0,kcal,LCCS,,,,,,,,,,,,,,,,,,,,,,0.0,mg,LCCD,,,,,,,,,,,,,,,,,,,,,,,,,,,,,,,,,,,,,,,,,,,,,,,,,,,,1071.0,IU,LCCD,,,,,,,0.0,g,LCCD,0.0,mg,LCCD,,,,,,,714.0,mg,LCCD,,,,,,,,,,,,,89.0,mg,LCCS,,,,,,,,,,3.57,g,LCSL,,,,,,,28.57,g,LCCS,,,,,,,,,,,,,,,,,,,,,,,,,,,,,,,,,,,,,,,,,,,,,,,,,,,,,,,,,,,,,0.0,g,LCCS,,,,,,,,,,,,,,,,,,,,,,,,,,,,,,,,,,,,,,,,True,False,False,False,False,False,False,False,True,False,False,False,False,False
45002315,APPLEWOOD SMOKED REGULAR CUT BACON,LI,2018-04-30 18:05:48,"CURED WITH: WATER, SALT, SUGAR, SODIUM PHOSPHATES, SODIUM ERYTHORBATE, SODIUM NITRITE.",15.0,g,2.0,PAN FRIED SLICES,,,,,16.67,g,LCCS,26.67,g,LCCS,,,,,,,,,,,,,,,,2000.0,mg,LCCS,,,,,,,,,,,,,,,,467.0,kcal,LCCS,,,,,,,,,,,,,,,,,,,,,,,,,,,,,,,,,,,,,,,,,,,,,,,,,,,,,,,,,,,,,,,,,,,,,,,,,,,,,,,,,,,,,,,,,,,0.0,g,LCCS,,,,,,,,,,,,,,,,,,,67.0,mg,LCCS,,,,,,,,,,0.0,g,LCCD,,,,,,,40.0,g,LCCS,,,,,,,,,,,,,,,,,,,,,,,,,,,,,,,,,,,,,,,,,,,,,,,,,,,,,,,,,,,,,0.0,g,LCCS,,,,,,,,,,,,,,,,,,,,,,,,,,,,,,,,,,,,,,,,False,False,False,False,False,False,False,False,False,False,False,False,False,False
45002356,"SUN LUCK, SRIRACHA CHILI SAUCE",LI,2018-05-01 00:13:07,"WATER, RED CHILLI, SUGAR, GARLIC, SALT, XANTHAN GUM, MODIFIED CORN STARCH, ACETIC ACID, SODIUM BENZOATE (AS PRESERVATIVE), PAPRIKA",15.0,g,1.0,Tbsp,,,,,0.0,g,LCCD,0.0,g,LCCS,,,,,,,,,,,,,,,,1800.0,mg,LCCS,,,,,,,,,,,,,,,,100.0,kcal,LCCS,,,,,,,,,,,,,,,,,,,,,,0.0,mg,LCCD,,,,,,,,,,,,,,,,,,,,,,,,,,,,,,,,,,,,,,,,,,,,,,,,,,,,0.0,IU,LCCD,,,,,,,0.0,g,LCCD,0.0,mg,LCCD,0.0,g,LCCS,,,,0.0,mg,LCCD,,,,,,,,,,,,,0.0,mg,LCCD,,,,,,,,,,26.67,g,LCCS,,,,,,,0.0,g,LCCD,,,,,,,,,,,,,,,,,,,,,,,,,,,,,,,,,,,,,,,,,,,,,,,,,,,,,,,,,,,,,13.33,g,LCCS,,,,,,,,,,,,,,,,,,,,,,,,,,,,,,,,,,,,,,,,False,False,False,False,False,False,True,False,False,False,False,False,False,False
45002464,"FLORA, TORTELLONI WITH RICOTTA & SPINACH",LI,2018-05-02 11:02:40,"DURUM WHEAT SEMOLINA, EGGS, RICOTTA CHEESE, REHYDRATED POWDERED WHEY, BREADCRUMB (WHEAT FLOUR, BREWER'S YEAST, SALT), SUNFLOWER OIL, SPINACH, SALT, VEGETABLE FIBER (BAMBOO FIBER), GRATED CHEESE (CONTAINS PRESERVATIVE LYSOZYM FROM EGG), SPICES, FLAVORING, YEAST EXTRACT, ACIDITY REGULATOR CITRIC ACID, PRESERVATIVE POTASSIUM SORBATE.",83.0,g,0.75,cup,,,,,4.22,g,LCCS,10.84,g,LCCS,,,,,,,,,,,,,,,,831.0,mg,LCCS,,,,,,,,,,,,,,,,96.0,kcal,LCCS,,,,,,,,,,,,,,,,,,,,,,0.0,mg,LCCD,,,,,,,,,,,,,,,,,,,,,,,,,,,,,,,,,,,,,,,,,,,,,,,,,,,,0.0,IU,LCCD,,,,,,,3.6,g,LCCS,2.17,mg,LCCD,,,,,,,96.0,mg,LCCD,,,,,,,,,,,,,54.0,mg,LCCS,,,,,,,,,,51.81,g,LCCS,,,,,,,7.23,g,LCCS,,,,,,,,,,,,,,,,,,,,,,,,,,,,,,,,,,,,,,,,,,,,,,,,,,,,,,,,,,,,,4.82,g,LCCS,,,,,,,,,,,,,,,,,,,,,,,,,,,,,,,,,,,,,,,,True,False,False,False,True,False,True,False,True,False,False,False,False,False
45002465,CHEESE TORTELLINI,LI,2017-07-14 19:16:22,"DURUM WHEAT FLOUR (ENRICHED WITH IRON (FERROUS SULFATE) AND B VITAMINS (NIACIN, THIAMIN, RIBOFLAVIN, FOLIC ACID)), RICOTTA CHEESE (PASTEURIZED WHEY, CREAM, VINEGAR, AND SALT), WATER, WHOLE EGG, ROMANO CHEESE (PASTEURIZED SHEEP'S MILK, CHEESE CULTURE, SALT, ENZYMES, MODIFIED FOOD STARCH,POWDERED CELLULOSE (ANTI-CAKING AGENT), BREAD CRUMBS (WHEAT FLOUR, SUGAR, CANOLA OIL, SALT, YEAST), FLOUR BLEND (YELLOW CORN FLOUR, WHEAT FLOUR, SOYBEAN OIL, EXTRACTIVES OF TUMERIC AND PAPRIKA), DEHYDRATED POTATOES (100% POTATOES), NATURAL PARMESAN FLAVOR (CONTAINS MILK, WATER, DISODIUM PHOSPHATE), NATURAL ROMANO FLAVOR (CONTAINS MILK, WATER, DISODIUM PHOSPHATE), SALT, PARSLEY, BLACK PEPPER",113.0,g,25.0,TORTELLINIS,,,,,3.54,g,LCCS,10.62,g,LCCS,,,,,,,,,,,,,,,,434.0,mg,LCCS,,,,,,,,,,,,,,,,239.0,kcal,LCCS,,,,,,,,,,,,,,,,,,,,,,1.1,mg,LCCD,,,,,,,,,,,,,,,,,,,,,,,,,,,,,,,,,,,,,,,,,,,,,,,,,,,,354.0,IU,LCCD,,,,,,,1.8,g,LCCS,0.96,mg,LCCD,0.0,g,LCCS,,,,133.0,mg,LCCD,,,,,,,,,,,,,53.0,mg,LCCS,,,,,,,,,,34.51,g,LCCS,,,,,,,7.08,g,LCCS,,,,,,,,,,,,,,,,,,,,,,,,,,,,,,,,,,,,,,,,,,,,,,,,,,,,,,,,,,,,,0.0,g,LCCS,,,,,,,,,,,,,,,,,,,,,,,,,,,,,,,,,,,,,,,,True,True,False,False,True,False,True,False,True,False,False,False,False,False
45002511,"ALBERTSON'S, TENDER GREEN SWEET PEAS",LI,2018-05-01 01:14:44,"PEAS, WATER, SUGAR, SALT.",125.0,g,0.5,cup,,,,,0.0,g,LCCD,3.2,g,LCCS,,,,,,,,,,,,,,,,256.0,mg,LCCS,,,,,,,,,,,,,,,,48.0,kcal,LCCS,,,,,,,,,,,,,,,,,,,,,,7.2,mg,LCCD,,,,,,,,,,,,,,,,,,,,,,,,,,,,,,,,,,,,,,,,,,,,,,,,,,,,240.0,IU,LCCD,,,,,,,2.4,g,LCCS,1.15,mg,LCCD,0.0,g,LCCS,,,,16.0,mg,LCCD,,,,,,,,,,,,,0.0,mg,LCCD,,,,,,,,,,8.0,g,LCCS,,,,,,,0.4,g,LCCS,,,,,,,,,,,,,,,,,,,,,,,,,,,,,,,,,,,,,,,,,,,,,,,,,,,,,,,,,,,,,3.2,g,LCCS,,,,,,,,,,,,,,,,,,,,,,,,,,,,,,,,,,,,,,,,False,True,False,False,False,False,True,False,False,False,False,False,False,False
45002528,FIBER & PROTEIN GRANOLA,LI,2018-03-11 02:15:06,"WHOLE ROLLED OATS, SOY FLAKES, HONEY, EXPELLER-PRESSED CANOLA OIL, SWEETENED DRIED CRANBERRIES (CRANBERRIES, SUGAR, SUNFLOWER OIL), SUNFLOWER SEEDS, SOY GRITS, SOY POWDER, FLAX SEED MEAL, CRISP RICE (RICE, SUGAR, SALT, BARLEY MALT), NATURAL VANILLA FLAVOR, CINNAMON.",53.0,g,0.5,cup,,,,,1.89,g,LCCS,20.75,g,LCCS,,,,,,,,,,,,,,,,0.0,mg,LCCD,,,,,,,,,,,,,,,,415.0,kcal,LCCS,,,,,,,,,,,,,,,,,,,,,,0.0,mg,LCCD,,,,,,,,,,,,,,,,,,,,,,,,,,,,,,,,,,,,,,,,,,,,,,,,,,,,0.0,IU,LCCD,,,,,,,9.4,g,LCCS,5.09,mg,LCCD,0.0,g,LCCS,,,,113.0,mg,LCCD,,,,,,,,,,,,,0.0,mg,LCCD,,,,,,,,,,54.72,g,LCCS,,,,,,,18.87,g,LCCS,,,,,,,,,,,,,,,,,,,,,,,,,,,,,,,,,,,,,,,,,,,,,,,,,,,,,,,,,,,,,26.42,g,LCCS,,,,,,,,,,,,,,,,,,,,,,,,,,,,,,,,,,,,,,,,False,True,True,False,False,False,False,True,False,False,False,False,False,False
45002545,ENRICHED LONG GRAIN WHITE RICE,LI,2018-03-11 02:14:45,"LONG GRAIN RICE, FERRIC PHOSPHATE, NIACIN, THIAMIN MONONITRATE, FOLIC ACID.",45.0,g,0.25,cup,,,,,0.0,g,LCCD,6.67,g,LCCS,,,,,,,,,,,,,,,,0.0,mg,LCCD,,,,,,,,,,,,,,,,333.0,kcal,LCCS,,,,,,,3.556,mg,LCCD,,,,,,,,,,,,,,,,,,,,,,,,,,,,,,,,,,,,,,,,,,,,,,,,,,,,,,,,,,,,,,,,,,,,,,,,,,,,2.2,g,LCCS,3.2,mg,LCCD,0.0,g,LCCS,,,,,,,,,,,,,,,,,,,0.0,mg,LCCD,,,,,,,,,,73.33,g,LCCS,,,,,,,0.0,g,LCCD,,,,,,,,,,,,,,,,,,,,,,,,,,,,0.0,mg,LCCD,,,,,,,,,,,,,,,,,,,,,,,,,,,,,,,0.0,g,LCCS,,,,,,,,,,,,,,,,,,,,,,,,,,,,,,,,,,,,,,,,False,False,False,False,False,False,False,False,False,False,False,False,False,False
45002552,NAVY BEANS,LI,2018-03-11 02:19:29,NAVY BEANS.,38.0,g,0.25,cup,,,,,0.0,g,LCCD,21.05,g,LCCS,,,,,,,,,,,,,,,,39.0,mg,LCCS,,,,,,,,,,,,,,,,211.0,kcal,LCCS,,,,,,,,,,,,,,,,,,,,,,0.0,mg,LCCD,,,,,,,,,,,,,,,,,,,,,,,,,,,,,,,,,,,,,,,,,,,,,,,,,,,,0.0,IU,LCCD,,,,,,,31.6,g,LCCS,7.11,mg,LCCD,0.0,g,LCCS,,,,158.0,mg,LCCD,,,,,,,,,,,,,0.0,mg,LCCD,,,,,,,,,,60.53,g,LCCS,,,,,,,0.0,g,LCCD,,,,,,,,,,,,,,,,,,,,,,,,,,,,,,,,,,,,,,,,,,,,,,,,,,,,,,,,,,,,,2.63,g,LCCS,,,,,,,,,,,,,,,,,,,,,,,,,,,,,,,,,,,,,,,,False,True,False,False,False,False,True,False,False,False,False,False,False,False
45002566,ICE CREAM,LI,2018-05-04 10:52:42,"MILK, CREAM, SUGAR, CORN SYRUP, WHEY PROTEIN CONCENTRATE, CONTAINS 2% OR LESS OF NATURAL FLAVORS, CARAMEL COLOR, GUAR GUM, MONO AND DIGLYCERIDES, SODIUM PHOSPHATE, CELLULOSE GEL, CELLULOSE GUM, SODIUM CITRATE, CARRAGEENAN, POLYSORBATE 80, TRIACETIN, TANNIC ACID, ANNATTO FOR COLOR.",64.0,g,0.5,cup,,,,,6.25,g,LCCS,3.12,g,LCCS,,,,,,,,,,,,,,,,70.0,mg,LCCS,,,,,,,,,,,,,,,,203.0,kcal,LCCS,,,,,,,,,,,,,,,,,,,,,,0.0,mg,LCCD,,,,,,,,,,,,,,,,,,,,,,,,,,,,,,,,,,,,,,,,,,,,,,,,,,,,312.0,IU,LCCD,,,,,,,0.0,g,LCCD,0.0,mg,LCCD,0.0,g,LCCS,,,,125.0,mg,LCCD,,,,,,,,,,,,,39.0,mg,LCCS,,,,,,,,,,23.44,g,LCCS,,,,,,,10.94,g,LCCS,,,,,,,,,,,,,,,,,,,,,,,,,,,,,,,,,,,,,,,,,,,,,,,,,,,,,,,,,,,,,18.75,g,LCCS,,,,,,,,,,,,,,,,,,,,,,,,,,,,,,,,,,,,,,,,True,False,False,False,False,False,True,False,True,False,False,False,False,False
45002575,"ALBERTSON'S, NEOPOLITAN ICE CREAM",LI,2018-05-04 08:29:08,"MILK, CREAM, SUGAR, CORN SYRUP, WHEY, STRAWBERRIES, WHEY PROTEIN CONCENTRATE, COCOA PROCESSED WITH ALKALI, CONTAINS LESS THAN 1% OF NATURAL FLAVORS, VANILLA EXTRACT, MONO & DIGLYCERIDES, GUAR GUM, SODIUM PHOSPHATE, CELLULOSE GEL, CELLULOSE GUM, SODIUM CITRATE, POLYSORBATE 80, CARRAGEENAN, ARTIFICIAL FLAVORS, BEET COLOR, ANNATTO (FOR COLOR).",65.0,g,0.5,cup,,,,,6.15,g,LCCS,3.08,g,LCCS,,,,,,,,,,,,,,,,69.0,mg,LCCS,,,,,,,,,,,,,,,,200.0,kcal,LCCS,,,,,,,,,,,,,,,,,,,,,,0.0,mg,LCCD,,,,,,,,,,,,,,,,,,,,,,,,,,,,,,,,,,,,,,,,,,,,,,,,,,,,308.0,IU,LCCD,,,,,,,0.0,g,LCCD,0.0,mg,LCCD,0.0,g,LCCS,,,,123.0,mg,LCCD,,,,,,,,,,,,,38.0,mg,LCCS,,,,,,,,,,24.62,g,LCCS,,,,,,,10.77,g,LCCS,,,,,,,,,,,,,,,,,,,,,,,,,,,,,,,,,,,,,,,,,,,,,,,,,,,,,,,,,,,,,18.46,g,LCCS,,,,,,,,,,,,,,,,,,,,,,,,,,,,,,,,,,,,,,,,True,False,False,False,False,False,True,False,True,False,False,False,False,False
45002578,"ALBERTSON'S, RICH & CREAMY ICE CREAM, FRENCH VANILLA",LI,2018-05-07 17:01:06,"MILK, CREAM, BUTTERMILK, SUGAR, CORN SYRUP, HIGH FRUCTOSE CORN SYRUP, EGG YOLKS, GUAR GUM, CELLULOSE GEL, CELLULOSE GUM, CARRAGEENAN, VANILLA EXTRACT, ANNATTO (FOR COLOR).",67.0,g,0.5,cup,,,,,6.72,g,LCCS,4.48,g,LCCS,,,,,,,,,,,,,,,,67.0,mg,LCCS,,,,,,,,,,,,,,,,194.0,kcal,LCCS,,,,,,,,,,,,,,,,,,,,,,0.0,mg,LCCD,,,,,,,,,,,,,,,,,,,,,,,,,,,,,,,,,,,,,,,,,,,,,,,,,,,,448.0,IU,LCCD,,,,,,,0.0,g,LCCD,0.0,mg,LCCD,0.0,g,LCCS,,,,149.0,mg,LCCD,,,,,,,,,,,,,75.0,mg,LCCS,,,,,,,,,,22.39,g,LCCS,,,,,,,10.45,g,LCCS,,,,,,,,,,,,,,,,,,,,,,,,,,,,,,,,,,,,,,,,,,,,,,,,,,,,,,,,,,,,,16.42,g,LCCS,,,,,,,,,,,,,,,,,,,,,,,,,,,,,,,,,,,,,,,,True,False,False,False,False,False,True,False,True,False,False,False,False,False
45002596,"FOLLOW YOUR HEART, ORGANIC CREAMY RANCH SALAD DRESSING",LI,2018-04-30 18:30:35,"(GLUTEN-FREE, NON-GMO): VEGENAISE* (SOYBEAN OIL*, FILTERED WATER, BROWN RICE SYRUP*, APPLE CIDER VINEGAR*, SOY PROTEIN*, SEA SALT, MUSTARD FLOUR*, LEMON JUICE CONCENTRATE*), FILTERED WATER, FRESH CULTURE BUTTERMILK*, WHITE VINEGAR*, SOUR CREAM* (CULTURED PASTEURIZED NONFAT MILK*, PASTEURIZED CREAM*, ACIDOPHILUS AND BIFIDUS CULTURES, MICROBIAL ENZYME), SEA SALT, GARLIC*, XANTHAN GUM, ONION*, SPICES*, NATURAL FLAVOR, MUSTARD FLOUR*.",30.0,g,2.0,Tbsp,,,,,5.0,g,LCCS,0.0,g,LCCS,,,,,,,,,,,,,,,,800.0,mg,LCCS,,,,,,,,,,,,,,,,267.0,kcal,LCCS,,,,,,,,,,,,,,,,,,,,,,0.0,mg,LCCD,,,,,,,,,,,,,,,,,,,,,,,,,,,,,,,,,,,,,,,,,,,,,,,,,,,,0.0,IU,LCCD,,,,,,,0.0,g,LCCD,0.0,mg,LCCD,0.0,g,LCCS,,,,0.0,mg,LCCD,,,,,,,,,,,,,0.0,mg,LCCD,,,,,,,,,,3.33,g,LCCS,,,,,,,30.0,g,LCCS,,,,,,,,,,,,,,,,,,,,,,,,,,,,,,,,,,,,,,,,,,,,,,,,,,,,,,,,,,,,,3.33,g,LCCS,,,,,,,,,,,,,,,,,,,,,,,,,,,,,,,,,,,,,,,,True,True,False,False,False,True,True,False,True,False,False,False,False,False
45002598,"FOLLOW YOUR HEART, ORGANIC BLEU CHEESE SALAD DRESSING",LI,2018-05-02 14:56:12,"VEGENAISE* (SOYBEAN OIL*, FILTERED WATER, BROWN RICE SYRUP*, APPLE CIDER VINEGAR*, SOY PROTEIN*, SEA SALT, MUSTARD FLOUR*, LEMON JUICE CONCENTRATE*), FILTERED WATER, FRESH CULTURED BUTTERMILK*, BLEU CHEESE* (PASTEURIZED CULTURED MILK*, SALT, ENZYMES), WHITE VINEGAR*, SOUR CREAM* (CULTURED PASTEURIZED NONFAT MILK*, PASTEURIZED CREAM*, ACIDOPHILUS & BIFIDUS CULTURES, MICROBIAL ENZYME), SPICES*, SEA SALT, NATURAL FLAVOR, GARLIC*, XANTHAN GUM, ONION*, MUSTARD FLOUR*.",30.0,g,2.0,Tbsp,,,,,6.67,g,LCCS,3.33,g,LCCS,,,,,,,,,,,,,,,,800.0,mg,LCCS,,,,,,,,,,,,,,,,300.0,kcal,LCCS,,,,,,,,,,,,,,,,,,,,,,0.0,mg,LCCD,,,,,,,,,,,,,,,,,,,,,,,,,,,,,,,,,,,,,,,,,,,,,,,,,,,,333.0,IU,LCCD,,,,,,,0.0,g,LCCD,0.0,mg,LCCD,0.0,g,LCCS,,,,133.0,mg,LCCD,,,,,,,,,,,,,17.0,mg,LCCS,,,,,,,,,,3.33,g,LCCS,,,,,,,30.0,g,LCCS,,,,,,,,,,,,,,,,,,,,,,,,,,,,,,,,,,,,,,,,,,,,,,,,,,,,,,,,,,,,,3.33,g,LCCS,,,,,,,,,,,,,,,,,,,,,,,,,,,,,,,,,,,,,,,,True,True,False,False,False,True,True,False,True,False,False,False,False,False
45002625,"WOODSTUCK, ORGANIC DICED MANGOES",LI,2018-02-03 00:10:54,ORGANIC MANGOES.,140.0,g,0.75,cup,,,,,0.0,g,LCCD,0.71,g,LCSL,,,,,,,,,,,,,,,,0.0,mg,LCCD,,,,,,,,,,,,,,,,64.0,kcal,LCCS,,,,,,,,,,,,,,,,,,,,,,25.7,mg,LCCD,,,,,,,,,,,,,,,,,,,,,,,,,,,,,,,,,,,,,,,,,,,,,,,,,,,,714.0,IU,LCCD,,,,,,,2.1,g,LCCS,0.0,mg,LCCD,0.0,g,LCCS,,,,0.0,mg,LCCD,,,,,,,,,,,,,0.0,mg,LCCD,,,,,,,,,,17.14,g,LCCS,,,,,,,0.0,g,LCCD,,,,,,,,,,,,,,,,,,,,,,,,,,,,,,,,,,,,,,,,,,,,,,,,,,,,,,,,,,,,,15.0,g,LCCS,,,,,,,,,,,,,,,,,,,,,,,,,,,,,,,,,,,,,,,,False,False,False,False,False,True,False,False,False,False,False,False,False,False
45002669,KETTLE COOKED POTATO CHIPS,LI,2017-11-01 22:25:29,"POTATOES, SUNFLOWER AND/OR SAFFLOWER OIL, SEA SALT.",28.0,g,14.0,CHIPS) | (ABOUT,,,,,3.57,g,LCCS,7.14,g,LCCS,,,,,,,,,,,,,,,,429.0,mg,LCCS,,,,,,,,,,,,,,,,500.0,kcal,LCCS,,,,,,,,,,,,,,,,,,,3.57,g,LCCS,21.4,mg,LCCD,,,,,,,,,,,,,,,,,,,,,,,,,,,,,,,,,,,,,,,,,,,,,,,,,17.86,g,LCCS,0.0,IU,LCCD,,,,,,,3.6,g,LCCS,1.29,mg,LCCD,0.0,g,LCCS,,,,0.0,mg,LCCD,,,,,,,,,,,,,0.0,mg,LCCD,,,,,,,,,,60.71,g,LCCS,,,,,,,25.0,g,LCCS,,,,,,,,,,,,,,,,,,,,,,,,,,,,,,,,,,,,,,,,,,,,,,,,,,,,,,,,,,,,,0.0,g,LCCS,,,,,,,,,,,,,,,,,,,,,,,,,,,,,,,,,,,,,,,,False,False,False,False,False,False,True,False,False,False,False,False,False,False
45002862,ORGANIC ROASTED BROWN RICE COUSCOUS,LI,2018-05-05 01:45:51,ORGANIC ROASTED BROWN RICE.,45.0,g,1.0,CUP PREPARED) | (,,,,,0.0,g,LCCD,6.67,g,LCCS,,,,,,,,,,,,,,,,0.0,mg,LCCD,,,,,,,,,,,,,,,,356.0,kcal,LCCS,,,,,,,,,,,,,,,,,,,,,,0.0,mg,LCCD,,,,,,,,,,,,,,,,,,,,,,,,,,,,,,,,,,,,,,,,,,,,,,,,,,,,0.0,IU,LCCD,,,,,,,6.7,g,LCCS,0.8,mg,LCCD,0.0,g,LCCS,,,,0.0,mg,LCCD,,,,,,,,,,,,,0.0,mg,LCCD,,,,,,,,,,82.22,g,LCCS,,,,,,,3.33,g,LCCS,,,,,,,,,,,,,,,,,,,,,,,,,,,,,,,,,,,,,,,,,,,,,,,,,,,,,,,,,,,,,2.22,g,LCCS,,,,,,,,,,,,,,,,,,,,,,,,,,,,,,,,,,,,,,,,False,False,False,False,False,False,False,False,False,False,False,False,False,False
45002876,"FARMHOUSE, CREAM CHEESE, GARLIC & HERBS",LI,2018-05-08 00:31:36,"ORGANIC, PASTEURIZED CULTURED MILK & CREAM, SEA SALT, GARLIC & HERBS",28.0,g,1.0,ONZ,,,,,25.0,g,LCCS,7.14,g,LCCS,,,,,,,,,,,,,,,,357.0,mg,LCCS,,,,,,,,,,,,,,,,357.0,kcal,LCCS,,,,,,,,,,,,,,,,,,,,,,0.0,mg,LCCD,,,,,,,,,,,,,,,,,,,,,,,,,,,,,,,,,,,,,,,,,,,,,,,,,,,,1071.0,IU,LCCD,,,,,,,0.0,g,LCCD,0.0,mg,LCCD,,,,,,,71.0,mg,LCCD,,,,,,,,,,,,,107.0,mg,LCCS,,,,,,,,,,7.14,g,LCCS,,,,,,,35.71,g,LCCS,,,,,,,,,,,,,,,,,,,,,,,,,,,,,,,,,,,,,,,,,,,,,,,,,,,,,,,,,,,,,7.14,g,LCCS,,,,,,,,,,,,,,,,,,,,,,,,,,,,,,,,,,,,,,,,True,False,False,False,False,False,True,False,True,False,False,False,False,False
45002877,ORGANIC CREAM CHEESE,LI,2018-05-08 00:35:12,"ORGANIC, PASTEURIZED CULTURED MILK & CREAM, SEA SALT",28.0,g,1.0,ONZ,,,,,25.0,g,LCCS,7.14,g,LCCS,,,,,,,,,,,,,,,,357.0,mg,LCCS,,,,,,,,,,,,,,,,357.0,kcal,LCCS,,,,,,,,,,,,,,,,,,,,,,0.0,mg,LCCD,,,,,,,,,,,,,,,,,,,,,,,,,,,,,,,,,,,,,,,,,,,,,,,,,,,,1071.0,IU,LCCD,,,,,,,0.0,g,LCCD,0.0,mg,LCCD,,,,,,,71.0,mg,LCCD,,,,,,,,,,,,,107.0,mg,LCCS,,,,,,,,,,7.14,g,LCCS,,,,,,,35.71,g,LCCS,,,,,,,,,,,,,,,,,,,,,,,,,,,,,,,,,,,,,,,,,,,,,,,,,,,,,,,,,,,,,7.14,g,LCCS,,,,,,,,,,,,,,,,,,,,,,,,,,,,,,,,,,,,,,,,True,False,False,False,False,False,False,False,True,False,False,False,False,False
45002945,SMOKED WILD ALASKAN SOCKEYE SALMON,LI,2017-10-11 20:34:20,"SOCKEYE SALMON, SALT, NATURAL GREEN TEA EXTRACT, CELERY EXTRACT, AND NATURAL HARDWOOD SMOKE.",57.0,g,2.0,SLICES,,,,,0.0,g,LCCD,24.56,g,LCCS,,,,,,,,,,,,,,,,1053.0,mg,LCCS,,,,,,,,,,,,,,,,123.0,kcal,LCCS,,,,,,,,,,,,,,,,,,,,,,0.0,mg,LCCD,,,,,,,,,,,,,,,,,,,,,,,,,,,,,,,,,,,,,,,,,,,,,,,,,,,,0.0,IU,LCCD,,,,,,,0.0,g,LCCS,0.0,mg,LCCD,0.0,g,LCCS,,,,0.0,mg,LCCD,,,,,,,,,,,,,26.0,mg,LCCS,,,,,,,,,,0.0,g,LCCD,,,,,,,2.63,g,LCCS,,,,,,,,,,,,,,,,,,,,,,,,,,,,,,,,,,,,,,,,,,,,,,,,,,,,,,,,,,,,,0.0,g,LCCS,,,,,,,,,,,,,,,,,,,,,,,,,,,,,,,,,,,,,,,,False,False,False,False,False,False,True,False,False,False,False,False,False,False
45002975,NINE GRAIN PILAF WITH SWEET CHILE BEEF & STEAMED VEGETABLES,LI,2018-03-11 04:33:00,"WATER, COOKED BEEF AND STARCH STRIPS (BEEF, WATER, CORN STARCH, SEA SALT), NINE GRAIN MIX (QUINOA, WHEAT BERRIES, BROWN BASMATI, FARRO (WHEAT) RYE BERRIES, SPELT, PEARLED BARLEY, BULGUR, BUCKWHEAT GROATS), BROCCOLI, KALE, RED BELL PEPPERS, CONTAINS LESS THAN 2% OF CARAMEL COLOR, CHICKEN BROTH CONCENTRATE (CHICKEN STOCK, NATURAL FLAVOR, SALT, SUGAR, YEAST EXTRACT, THIAMIN), DEHYDRATED ONION, DRIED CANE SYRUP, EXTRA VIRGIN OLIVE OIL, FERMENTED SOY SAUCE POWDER (SOY SAUCE (FERMENTED SOY BEANS, SALT, WHEAT) MALTODEXTRIN, SALT), GARLIC, GINGER, JALAPENO PEPPERS, TAMARI SOY SAUCE (WATER, SOYBEANS, SALT, ALCOHOL), RICE STARCH, SEASONED WINE (WINE, SALT), SEASONING (NATURAL FLAVOR, POTASSIUM CHLORIDE, YEAST), SEASONING (YEAST EXTRACT, SALT), SESAME OIL, SPICES, VINEGAR, XANTHAN GUM.",283.0,g,1.0,POUCH,,,,,0.71,g,LCCS,5.65,g,LCCS,,,,,,,,,,,,,,,,166.0,mg,LCCS,,,,,,,,,,,,,,,,92.0,kcal,LCCS,,,,,,,,,,,,,,,,,,,,,,12.7,mg,LCCD,,,,,,,,,,,,,,,,,,,,,,,,,,,,,,,,,,,,,,,,,,,,,,,,,,,,1060.0,IU,LCCD,,,,,,,1.4,g,LCCS,1.27,mg,LCCD,0.0,g,LCCS,,,,14.0,mg,LCCD,,,,,,,,,,,,,11.0,mg,LCCS,,,,,,,,,,10.6,g,LCCS,,,,,,,3.18,g,LCCS,,,,,,,,,,,,,,,,,,,,,,,,,,,,,,,,,,,,,,,,,,,,,,,,,,,,,,,,,,,,,1.77,g,LCCS,,,,,,,,,,,,,,,,,,,,,,,,,,,,,,,,,,,,,,,,False,True,False,False,True,True,True,False,False,True,False,True,False,False
45002999,"MARIA AND RICARDO'S, SOFT TACO SIZE TORTILLAS",LI,2018-05-11 04:46:26,"TAPIOCA FLOUR, WATER, SORGHUM FLOUR, POTATO FLOUR, SUNFLOWER OIL, CONTAINS 2% OR LESS OF: LEAVENING (SODIUM ACID PYROPHOPSHATE, SODIUM BICARBONATE, CORN STARCH, MONOCALCIUM PHOSPHATE), SALT, SODIUM ALGINATE, CITRIC ACID, CELLULOSE GUM, SUGAR, CULTURED CORN SYRUP, SOLIDS, MONOCALCIUM PHOSPHATE.",43.0,g,1.0,TORTILLA,,,,,0.0,g,LCCD,2.33,g,LCCS,,,,,,,,,,,,,,,,721.0,mg,LCCS,,,,,,,,,,,,,,,,326.0,kcal,LCCS,,,,,,,,,,,,,,,,,,,,,,0.0,mg,LCCD,,,,,,,,,,,,,,,,,,,,,,,,,,,,,,,,,,,,,,,,,,,,,,,,,,,,0.0,IU,LCCD,,,,,,,2.3,g,LCCS,0.84,mg,LCCD,0.0,g,LCCS,,,,93.0,mg,LCCD,,,,,,,,,,,,,0.0,mg,LCCD,,,,,,,,,,60.47,g,LCCS,,,,,,,6.98,g,LCCS,,,,,,,,,,,,,,,,,,,,,,,,,,,,,,,,,,,,,,,,,,,,,,,,,,,,,,,,,,,,,0.0,g,LCCS,,,,,,,,,,,,,,,,,,,,,,,,,,,,,,,,,,,,,,,,False,False,False,False,False,False,True,False,False,False,False,False,False,False
45003081,GRAVY MIX,LI,2018-05-13 04:21:16,"WHEAT STARCH, MALTODEXTRIN, SALT, ENRICHED WHEAT FLOUR (FLOUR, NIACIN, REDUCED IRON, THIAMINE MONONITRATE, RIBOFLAVIN, AND FOLIC ACID), DEXTROSE, WHEY SOLIDS (MILK), MONO-SODIUM GLUTAMATE (FLAVOR ENHANCER), HYDROLYZED CORN GLUTEN, SOY PROTEIN, AND WHEAT GLUTEN, MODIFIED CORN STARCH, BUTTERMILK SOLIDS, NONFAT DRY MILK, CARAMEL COLOR, ONION, NATURAL FLAVORS, YEAST EXTRACT, THIAMINE HYDROCHLORIDE, TARTARIC ACID, DISODIUM INOSINATE AND DISODIUM GUANYLATE (FLAVOR ENHANCERS), BLACK PEPPER, BACON FAT, SUGAR, EXTRACTIVES OF BEEF, SULFITING AGENTS, MALIC ACID.",6.0,g,1.0,Tbsp,,,,,0.0,g,LCCD,0.0,g,LCCS,,,,,,,,,,,,,,,,5667.0,mg,LCCS,,,,,,,,,,,,,,,,333.0,kcal,LCCS,,,,,,,,,,,,,,,,,,,,,,0.0,mg,LCCD,,,,,,,,,,,,,,,,,,,,,,,,,,,,,,,,,,,,,,,,,,,,,,,,,,,,0.0,IU,LCCD,,,,,,,0.0,g,LCCD,0.0,mg,LCCD,0.0,g,LCCS,,,,0.0,mg,LCCD,,,,,,,,,,,,,0.0,mg,LCCD,,,,,,,,,,66.67,g,LCCS,,,,,,,0.0,g,LCCD,,,,,,,,,,,,,,,,,,,,,,,,,,,,,,,,,,,,,,,,,,,,,,,,,,,,,,,,,,,,,16.67,g,LCSL,,,,,,,,,,,,,,,,,,,,,,,,,,,,,,,,,,,,,,,,True,True,False,False,True,False,True,False,True,False,False,True,False,False
45003090,"PENNE RIGATE, ENRICHED MACARONI PRODUCT",LI,2017-08-11 17:33:04,"DURUM SEMOLINA, NIACIN, FERROUS SULFATE (IRON), THIAMINE MONONITRATE, RIBOFLAVIN, FOLIC ACID.",56.0,g,0.75,cup,,,,,0.0,g,LCCD,12.5,g,LCCS,,,,,,,,,,,,,,,,0.0,mg,LCCD,,,,,,,,,,,,,,,,375.0,kcal,LCCS,,,,,,,7.143,mg,LCCD,,,,,,,,,,,,,0.0,mg,LCCD,,,,,,,,,,,,,,,,,,,,,,,,,,,,,,,,,,,,,,,,,,,,,,,,,,,,0.0,IU,LCCD,,,,,,,3.6,g,LCCS,3.21,mg,LCCD,0.0,g,LCCS,,,,0.0,mg,LCCD,,,,,,,,,,,,,0.0,mg,LCCD,,,,,,,,,,73.21,g,LCCS,,,,,,,1.79,g,LCCS,,,,,,,,,,,,,0.455,mg,LCCD,,,,,,,,,,,,,1.0,mg,LCCD,,,,,,,,,,,,,,,,,,,,,,,,,,,,,,,3.57,g,LCCS,,,,,,,,,,179.0,mcg,LCCD,,,,,,,,,,,,,,,,,,,,,,,,,,,,False,False,False,False,False,False,False,False,False,False,False,False,False,False
45003111,"HAPPY HARVEST, STEWED TOMATOES",LI,2018-05-14 17:30:12,"TOMATOES, TOMATO JUICE, SUGAR, SALT, DRIED ONION, DRIED CELERY, DRIED BELL PEPPER, CITRIC ACID, CALCIUM CHLORIDE, NATURAL FLAVORS.",123.0,g,0.5,cup,,,,,0.0,g,LCCD,0.81,g,LCCS,,,,,,,,,,,,,,,,220.0,mg,LCCS,,,,,,,,,,,,,,,,28.0,kcal,LCCS,,,,,,,,,,,,,,,,,,,,,,7.3,mg,LCCD,,,,,,,,,,,,,,,,,,,,,,,,,,,,,,,,,,,,,,,,,,,,,,,,,,,,610.0,IU,LCCD,,,,,,,0.8,g,LCCS,0.59,mg,LCCD,0.0,g,LCCS,,,,33.0,mg,LCCD,,,,,,,,,,,,,0.0,mg,LCCD,,,,,,,,,,6.5,g,LCCS,,,,,,,0.0,g,LCCD,,,,,,,,,,,,,,,,,,,,,,,,,,,,,,,,,,,,,,,,,,,,,,,,,,,,,,,,,,,,,4.88,g,LCCS,,,,,,,,,,,,,,,,,,,,,,,,,,,,,,,,,,,,,,,,False,False,False,False,False,True,True,False,False,False,False,False,False,False
45003160,INSTANT BROWN RICE,LI,2018-06-06 19:09:20,PRE-COOKED PARBOILED LONG GRAIN BROWN RICE.,42.0,g,1.0,cup,,,,,0.0,g,LCCD,7.14,g,LCCS,,,,,,,,,,,,,,,,0.0,mg,LCCD,,,,,,,,,,,,,,,,357.0,kcal,LCCS,,,,,,,,,,,,,,,,,,,,,,0.0,mg,LCCD,,,,,,,,,,,,,,,,,,,,,,,,,,,,,,,,,,,,,,,,,,,,,,,,,,,,0.0,IU,LCCD,,,,,,,2.4,g,LCCS,1.71,mg,LCCD,0.0,g,LCCS,,,,0.0,mg,LCCD,,,,,,,,,,,,,0.0,mg,LCCD,,,,,,,,,,76.19,g,LCCS,,,,,,,3.57,g,LCCS,,,,,,,,,,,,,,,,,,,,,,,,,,,,,,,,,,,,,,,,,,,,,,,,,,,,,,,,,,,,,0.0,g,LCCS,,,,,,,,,,,,,,,,,,,,,,,,,,,,,,,,,,,,,,,,False,False,False,False,False,False,False,False,False,False,False,False,False,False
45003179,LONG GRAIN BROWN & WILD CALIFORNIA RICE BLEND,LI,2017-11-11 03:52:02,LONG GRAIN BROWN RICE AND WILD RICE.,49.0,g,0.25,cup,,,,,0.0,g,LCCD,10.2,g,LCCS,,,,,,,,,,,,,,,,0.0,mg,LCCD,,,,,,,,,,,,,,,,367.0,kcal,LCCS,,,,,,,,,,,,,,,,,,,,,,0.0,mg,LCCD,,,,,,,,,,,,,,,,,,,,,,,,,,,,,,,,,,,,,,,,,,,,,,,,,,,,0.0,IU,LCCD,,,,,,,4.1,g,LCCS,1.47,mg,LCCD,0.0,g,LCCS,,,,41.0,mg,LCCD,,,,,,,,,,,,,0.0,mg,LCCD,,,,,,,,,,77.55,g,LCCS,,,,,,,3.06,g,LCCS,,,,,,,,,,,,,,,,,,,,,,,,,,,,,,,,,,,,,,,,,,,,,,,,,,,,,,,,,,,,,2.04,g,LCCS,,,,,,,,,,,,,,,,,,,,,,,,,,,,,,,,,,,,,,,,False,False,False,False,False,False,False,False,False,False,False,False,False,False
45003181,BROWN RICE SPAGHETTI,LI,2018-05-15 02:09:54,BROWN RICE FLOUR.,57.0,g,2.0,ONZ,,,,,0.35,g,LCCD,8.77,g,LCCS,,,,,,,,,,,,,,,,0.0,mg,LCCD,,,,,,,,,,,,,,,,333.0,kcal,LCCS,,,,,,,,,,,,,,,,,,,,,,0.0,mg,LCCD,,,,,,,,,,,,,,,,,,,,,,,,,,,,,,,,,,,,,,,,,,,,,,,,,,,,0.0,IU,LCCD,,,,,,,3.5,g,LCCS,0.63,mg,LCCD,0.0,g,LCCS,,,,0.0,mg,LCCD,,,,,,,,,,,,,0.0,mg,LCCD,,,,,,,,,,70.18,g,LCCS,,,,,,,1.75,g,LCCS,,,,,,,,,,,,,,,,,,,,,,,,,,,,,,,,,,,,,,,,,,,,,,,,,,,,,,,,,,,,,0.0,g,LCCS,,,,,,,,,,,,,,,,,,,,,,,,,,,,,,,,,,,,,,,,False,False,False,False,False,False,False,False,False,False,False,False,False,False
45003196,"DEL MONTE, MANDARIN ORANGES IN LIGHT SYRUP",LI,2017-07-14 17:21:18,"MANDARIN ORANGES, WATER, SUGAR, CITRIC ACID.",126.0,g,0.5,cup,,,,,0.0,g,LCCD,0.79,g,LCCS,,,,,,,,,,,,,,,,0.0,mg,LCCD,,,,,,,,,,,,,,,,63.0,kcal,LCCS,,,,111.0,mg,LCCS,,,,,,,,,,,,,,,,4.8,mg,LCCD,,,,,,,,,,,,,,,,,,,,,,,,,,,,,,,,,,,,,,,,,,,,,,,,,,,,0.0,IU,LCCD,,,,,,,1.6,g,LCCS,0.0,mg,LCCD,0.0,g,LCCS,,,,32.0,mg,LCCD,,,,,,,,,,,,,0.0,mg,LCCD,,,,,,,,,,15.08,g,LCCS,,,,,,,0.0,g,LCCD,,,,,,,,,,,,,,,,,,,,,,,,,,,,,,,,,,,,,,,,,,,,,,,,,,,,,,,,,,,,,13.49,g,LCCS,,,,,,,,,,,,,,,,,,,,,,,,,,,,,,,,,,,,,,,,False,False,False,False,False,True,False,False,False,False,False,False,False,False
45003220,LOWFAT YOGURT,LI,2018-05-15 18:49:36,CULTURED PASTEURIZED GRADE A LOWFAT MILK AND NONFAT MILK SOLIDS. CONTAINS ACTIVE YOGURT CULTURES. ,225.0,g,1.0,cup,,,,,0.89,g,LCCS,4.89,g,LCCS,,,,,,,,,,,,,,,,76.0,mg,LCCS,,,,,,,,,,,,,,,,62.0,kcal,LCCS,,,,,,,,,,,,,,,,,,,,,,1.1,mg,LCCD,,,,,,,,,,,,,,,,,,,,,,,,,,,,,,,,,,,,,,,,,,,,,,,,,,,,89.0,IU,LCCD,,,,,,,0.0,g,LCCD,0.0,mg,LCCD,0.0,g,LCCS,,,,18.0,mg,LCCD,,,,,,,,,,,,,7.0,mg,LCCS,,,,,,,,,,7.11,g,LCCS,,,,,,,1.33,g,LCCS,,,,,,,,,,,,,,,,,,,,,,,,,,,,,,,,,,,,,,,,,,,,,,,,,,,,,,,,,,,,,7.11,g,LCCS,,,,,,,,,,,,,,,,,,,,,,,,,,,,,,,,,,,,,,,,True,False,False,False,False,False,False,False,True,False,False,False,False,False
45003230,POPCORN,LI,2018-03-11 04:52:31,"SELECT POPCORN, VEGETABLE OIL (ONE OR MORE OF THE FOLLOWING: CORN, COTTONSEED, PALM), BUTTER (CREAM, SALT, ANNATTO EXTRACT [COLOR]), SALT, NONFAT DRY MILK, SPICES, BUTTERMILK, MALTODEXTRIN, PAPRIKA, SODIUM DIACETATE, MONOSODIUM GLUTAMATE, DEXTROSE, SODIUM CITRATE, CITRIC ACID, TOCOPHEROL (ANTI-OXIDANT), BETA CAROTENE (COLOR), AND ANNATTO EXTRACT (COLOR).",28.0,g,1.0,ONZ,,,,,8.93,g,LCCS,7.14,g,LCCS,,,,,,,,,,,,,,,,1357.0,mg,LCCS,,,,,,,,,,,,,,,,500.0,kcal,LCCS,,,,,,,,,,,,,,,,,,,,,,0.0,mg,LCCD,,,,,,,,,,,,,,,,,,,,,,,,,,,,,,,,,,,,,,,,,,,,,,,,,,,,1429.0,IU,LCCD,,,,,,,7.1,g,LCCS,2.57,mg,LCCD,0.0,g,LCCS,,,,0.0,mg,LCCD,,,,,,,,,,,,,0.0,mg,LCCD,,,,,,,,,,57.14,g,LCCS,,,,,,,25.0,g,LCCS,,,,,,,,,,,,,,,,,,,,,,,,,,,,,,,,,,,,,,,,,,,,,,,,,,,,,,,,,,,,,3.57,g,LCCS,,,,,,,,,,,,,,,,,,,,,,,,,,,,,,,,,,,,,,,,True,False,False,False,False,False,True,False,True,False,False,False,False,False
45003268,SCOTTISH OATMEAL,LI,2017-07-14 19:22:15,WHOLE GRAIN OATS.,36.0,g,0.25,cup,,,,,1.39,g,LCCS,16.67,g,LCCS,,,,,,,,,,,,,,,,0.0,mg,LCCD,,,,,,,,,,,,,,,,389.0,kcal,LCCS,,,,,,,,,,,,,,,,,,,,,,0.0,mg,LCCD,,,,,,,,,,,,,,,,,,,,,,,,,,,,,,,,,,,,,,,,,,,,,,,,,,,,0.0,IU,LCCD,,,,,,,11.1,g,LCCS,5.0,mg,LCCD,0.0,g,LCCS,,,,56.0,mg,LCCD,6.0,g,LCCS,,,,,,,,,,0.0,mg,LCCD,6.0,g,LCCS,,,,,,,63.89,g,LCCS,,,,,,,6.94,g,LCCS,,,,,,,,,,,,,,,,,,,,,,,,,,,,,,,,,,,,,,,,,,,,,,,,,,,,,,,,,,,,,0.0,g,LCCS,,,,,,,,,,,,,,,,,,,,,,,,,,,,,,,,,,,,,,,,False,False,False,False,False,False,False,False,False,False,False,False,False,False
45003320,JAMAICAN STYLE CURRY POWDER,LI,2018-05-17 16:04:19,"TURMERIC, SALT, WHOLE WHEAT, CORIANDER, FENUGREEK, CUMIN, ALLSPICE, PEPPER, & GARLIC.",1.0,g,0.5,tsp,,,,,,,,0.0,g,LCCS,,,,,,,,,,,,,,,,2000.0,mg,LCCS,,,,,,,,,,,,,,,,0.0,kcal,LCCS,,,,,,,,,,,,,,,,,,,,,,120.0,mg,LCCD,,,,,,,,,,,,,,,,,,,,,,,,,,,,,,,,,,,,,,,,,,,,,,,,,,,,,,,,,,,,,,,,,,,,,,,,,,,,,,,,,,,,,,,,,,,,,,,,,,,,100.0,g,LCSL,,,,,,,0.0,g,LCCD,,,,,,,,,,,,,,,,,,,,,,,,,,,,,,,,,,,,,,,,,,,,,,,,,,,,,,,,,,,,,,,,,,,,,,,,,,,,,,,,,,,,,,,,,,,,,,,,,,,,,,,False,False,False,False,True,False,True,False,False,False,False,False,False,False
45003325,FRESH TURKEY BURGER PATTIES,LI,2018-05-20 07:00:39,"TURKEY, LESS THAN 2% SALT, NATURAL FLAVORING.",112.0,g,1.0,PATTY,,,,,2.68,g,LCCS,19.64,g,LCCS,,,,,,,,,,,,,,,,295.0,mg,LCCS,,,,,,,,,,,,,,,,134.0,kcal,LCCS,,,,,,,,,,,,,,,,,,,,,,,,,,,,,,,,,,,,,,,,,,,,,,,,,,,,,,,,,,,,,,,,,,,,,,,,,,,,,,,,,,,,,,,,1.29,mg,LCCD,0.0,g,LCCS,,,,18.0,mg,LCCD,,,,,,,,,,,,,71.0,mg,LCCS,,,,,,,,,,0.0,g,LCCD,,,,,,,7.14,g,LCCS,,,,,,,,,,,,,,,,,,,,,,,,,,,,,,,,,,,,,,,,,,,,,,,,,,,,,,,,,,,,,,,,,,,,,,,,,,,,,,,,,,,,,,,,,,,,,,,,,,,,,,,False,False,False,False,False,False,False,False,False,True,False,False,False,False
45003340,"CULINARIA, CHARCOAL WHEAT HEIRLOOM GRAIN",LI,2018-05-17 16:10:49,"CHARCOAL, WHEAT.",45.0,g,0.25,cup,,,,,0.44,g,LCCD,15.56,g,LCCS,,,,,,,,,,,,,,,,0.0,mg,LCCD,,,,,,,,,,,,,,,,356.0,kcal,LCCS,,,,,,,,,,,,,,,,,,,,,,0.0,mg,LCCD,,,,,,,,,,,,,,,,,,,,,,,,,,,,,,,,,,,,,,,,,,,,,,,,,,,,0.0,IU,LCCD,,,,,,,13.3,g,LCCS,4.0,mg,LCCD,0.0,g,LCCS,,,,44.0,mg,LCCD,,,,,,,,,,,,,0.0,mg,LCCD,,,,,,,,,,71.11,g,LCCS,,,,,,,2.22,g,LCCS,,,,,,,,,,,,,,,,,,,,,,,,,,,,,,,,,,,,,,,,,,,,,,,,,,,,,,,,,,,,,0.0,g,LCCS,,,,,,,,,,,,,,,,,,,,,,,,,,,,,,,,,,,,,,,,False,False,False,False,True,False,False,False,False,False,False,False,False,False
45003344,"SCHNUCKS, ITALIAN STYLE BREAD CRUMBS",LI,2018-05-17 01:52:24,"BREAD CRUMBS (ENRICHED WHEAT FLOUR, MALTED BARLEY, NIACIN FERROUS SULFATE, THIAMINE MONONITRATE, RIBOFLAVIN, FOLIC ACID, WATER, HIGH FRUCTOSE CORN SYRUP, CORN SYRUP, PARTIALLY HYDROGENATED VEGETABLE OIL) (SOYBEAN AND/OR COTTONSEED OIL AND/OR CANOLA AND CORN OILS). MAY CONTAIN SALT, YEAST, SUGAR, HONEY, SESAME AND/OR POPPY SEEDS, MOLASSES, WHEAT GLUTEN, WHEY, SOY FLOUR, WHOLE WHEAT FLOUR, RYE FLOUR, OAT BRAN, CORN FLOUR, CORN MEAL, RICE FLOUR, POTATO FLOUR, BUTTER, SKIM MILK, BUTTERMILK, LACTIC ACID, DISTILLED VINEGAR, SOY LECITHIN; DOUGH CONDITIONERS (MONO AND DIGLYCERIDES, SODIUM AND/OR CALCIUM STEAROYL LACTYLATE), YEAST NUTRIENTS (CONTAINS ONE OR MORE OF THE FOLLOWING: MONOCALCIUM PHOSPHATE, CALCIUM SULFATE, AMMONIUM SULFATE); CALCIUM PROPIONATE (PRESERVATIVE), POTASSIUM SORBATE (PRESERVATIVE), SALT, OREGANO, ONION POWDER GARLIC POWDER, DEHYDRATED PARSLEY, BLACK PEPPER.",34.0,g,0.25,cup,,,,,0.0,g,LCCD,14.71,g,LCCS,,,,,,,,,,,,,,,,1059.0,mg,LCCS,,,,,,,,,,,,,,,,382.0,kcal,LCCS,,,,,,,3.529,mg,LCCD,,,,,,,,,,,,,0.0,mg,LCCD,,,,,,,,,,,,,,,,,,,,,,,,,,,,,,,,,,,,,,,,,,,,,,,,,,,,0.0,IU,LCCD,,,,,,,5.9,g,LCCS,7.94,mg,LCCD,0.0,g,LCCS,,,,118.0,mg,LCCD,,,,,,,,,,,,,0.0,mg,LCCD,,,,,,,,,,67.65,g,LCCS,,,,,,,5.88,g,LCCS,,,,,,,,,,,,,0.4,mg,LCCD,,,,,,,,,,,,,1.0,mg,LCCD,,,,,,,,,,,,,,,,,,,,,,,,,,,,,,,5.88,g,LCCS,,,,,,,,,,,,,,,,,,,,,,,,,,,,,,,,,,,,,,,,True,True,True,False,True,False,True,True,True,False,False,False,False,False
45003368,"SWEET HARVEST, PINEAPPLE SLICES",LI,2018-05-17 14:54:46,"PINEAPPLE, PINEAPPLE JUICE.",114.0,g,2.0,SLICES,,,,,0.0,g,LCCD,0.0,g,LCCS,,,,,,,,,,,,,,,,0.0,mg,LCCD,,,,,,,,,,,,,,,,53.0,kcal,LCCS,,,,,,,,,,,,,,,,,,,,,,5.3,mg,LCCD,,,,,,,,,,,,,,,,,,,,,,,,,,,,,,,,,,,,,,,,,,,,,,,,,,,,0.0,IU,LCCD,,,,,,,0.9,g,LCCS,0.32,mg,LCCD,0.0,g,LCCS,,,,0.0,mg,LCCD,,,,,,,,,,,,,0.0,mg,LCCD,,,,,,,,,,14.04,g,LCCS,,,,,,,0.0,g,LCCD,,,,,,,,,,,,,,,,,,,,,,,,,,,,,,,,,,,,,,,,,,,,,,,,,,,,,,,,,,,,,12.28,g,LCCS,,,,,,,,,,,,,,,,,,,,,,,,,,,,,,,,,,,,,,,,False,False,False,False,False,True,True,False,False,False,False,False,False,False
45003374,"HARRIS TEETER, SHREDDED WHEAT CEREAL",LI,2018-05-17 20:29:25,"WHOLE GRAIN WHEAT, SUGAR, SORBITOL, GELATIN, REDUCED IRON, NIACIN (NIACINAMIDE), ZINC (ZINC OXIDE), VITAMIN B6 (PYRIDOXINE HYDROCHLORIDE), FOLATE (FOLIC ACID), VITAMIN B2 (RIBOFLAVIN), VITAMIN B1 (THIAMIN HYDROCHLORIDE), VITAMIN B12, BHT (TO PRESERVE FRESHNESS).",55.0,g,1.0,cup,,,,,0.0,g,LCCD,9.09,g,LCCS,,,,,,,,,,,,,,,,18.0,mg,LCCS,,,,,,,,,,,,,,,,345.0,kcal,LCCS,,,,327.0,mg,LCCS,9.091,mg,LCCD,,,,,,,,,,0.91,g,LCCS,0.0,mg,LCCD,,,,,,,,,,0.909,mg,LCCD,,,,,,,2.73,mcg,LCCD,,,,,,,273.0,mg,LCCD,,,,,,,,,,,,,,,,,,,0.0,g,LCCS,0.0,IU,LCCD,,,,6.82,mg,LCCD,10.9,g,LCCS,29.45,mg,LCCD,0.0,g,LCCS,,,,0.0,mg,LCCD,9.0,g,LCCS,,,,,,,51.0,g,LCCS,0.0,mg,LCCD,2.0,g,LCCS,,,,,,,81.82,g,LCCS,,,,,,,1.82,g,LCCS,,,,,,,,,,,,,0.773,mg,LCCD,,,,,,,,,,,,,1.0,mg,LCCD,,,,,,,,,,,,,,,,0.364,mg,LCCD,109.0,mg,LCCD,,,,,,,,,,20.0,g,LCCS,,,,,,,,,,,,,,,,,,,,,,,,,,,,,,,,,,,,,,,,False,False,False,False,True,False,False,False,False,False,False,False,False,False
45003376,"TRADER JOE'S, VEGETABLE RADIATORE ORGANIC PASTA",LI,2017-12-09 03:54:46,"ORGANIC DURUM WHEAT SEMOLINA, SPINACH, BEET, RED BELL PEPPER, PAPRIKA.",56.0,g,0.75,cup,,,,,0.0,g,LCCD,12.5,g,LCCS,,,,,,,,,,,,,,,,27.0,mg,LCCS,,,,,,,,,,,,,,,,357.0,kcal,LCCS,,,,,,,,,,,,,,,,,,,,,,2.1,mg,LCCD,,,,,,,,,,,,,,,,,,,,,,,,,,,,,,,,,,,,,,,,,,,,,,,,,,,,357.0,IU,LCCD,,,,,,,3.6,g,LCCS,2.57,mg,LCCD,0.0,g,LCCS,,,,36.0,mg,LCCD,,,,,,,,,,,,,0.0,mg,LCCD,,,,,,,,,,73.21,g,LCCS,,,,,,,0.89,g,LCCS,,,,,,,,,,,,,,,,,,,,,,,,,,,,,,,,,,,,,,,,,,,,,,,,,,,,,,,,,,,,,1.79,g,LCCS,,,,,,,,,,,,,,,,,,,,,,,,,,,,,,,,,,,,,,,,False,False,False,False,True,False,True,False,False,False,False,False,False,False
45003393,"JULIE'S, ORGANIC CHOCOLATE ICE CREAM BAR, CHOCOLATE",LI,2018-05-17 15:53:41,"FRESH ORGANIC CREAM, ORGANIC DEHYDRATED CANE JUICE, ORGANIC SKIM MILK, ORGANIC EGG YOLKS, CAROB GUM, GUAR GUM, ORGANIC VANILLA. CHOCOLATE FLAVORED COATING: ORGANIC DEHYDRATED CANE, JUICE, ORGANIC CHOCOLATE LIQUOR, ORGANIC COCOA BUTTER, ORGANIC COCONUT OIL AND/OR ORGANIC PALM OIL, ORGANIC VANILLA, SOY LECITHIN.",81.0,g,1.0,BAR,,,,,13.58,g,LCCS,4.94,g,LCCS,,,,,,,,,,,,,,,,43.0,mg,LCCS,,,,,,,,,,,,,,,,333.0,kcal,LCCS,,,,,,,,,,,,,,,,,,,,,,0.0,mg,LCCD,,,,,,,,,,,,,,,,,,,,,,,,,,,,,,,,,,,,,,,,,,,,,,,,,,,,370.0,IU,LCCD,,,,,,,0.3,g,LCCD,0.0,mg,LCCD,0.0,g,LCCS,,,,99.0,mg,LCCD,,,,,,,,,,,,,68.0,mg,LCCS,,,,,,,,,,29.63,g,LCCS,,,,,,,22.22,g,LCCS,,,,,,,,,,,,,,,,,,,,,,,,,,,,,,,,,,,,,,,,,,,,,,,,,,,,,,,,,,,,,20.99,g,LCCS,,,,,,,,,,,,,,,,,,,,,,,,,,,,,,,,,,,,,,,,True,True,False,False,False,True,True,False,True,False,False,False,False,False
45003420,"HARRIS TEETER, CRUMBLED BLUE CHEESE",LI,2018-05-17 14:53:52,"WHOLE MILK, CHEESE CULTURES, SALT, ENZYMES, PENICILLIUM ROQUEFORTI.",28.0,g,1.0,ONZ,,,,,17.86,g,LCCS,21.43,g,LCCS,,,,,,,,,,,,,,,,1357.0,mg,LCCS,,,,,,,,,,,,,,,,357.0,kcal,LCCS,,,,,,,,,,,,,,,,,,,,,,0.0,mg,LCCD,,,,,,,,,,,,,,,,,,,,,,,,,,,,,,,,,,,,,,,,,,,,,,,,,,,,1071.0,IU,LCCD,,,,,,,0.0,g,LCCD,0.0,mg,LCCD,0.0,g,LCCS,,,,536.0,mg,LCCD,,,,,,,,,,,,,71.0,mg,LCCS,,,,,,,,,,3.57,g,LCSL,,,,,,,28.57,g,LCCS,,,,,,,,,,,,,,,,,,,,,,,,,,,,,,,,,,,,,,,,,,,,,,,,,,,,,,,,,,,,,0.0,g,LCCS,,,,,,,,,,,,,,,,,,,,,,,,,,,,,,,,,,,,,,,,True,False,False,False,False,False,False,False,True,False,False,False,False,False
45003455,HOT CORN,LI,2017-11-08 22:09:26,"POPCORN, VEGETABLE OIL (CORN, PALM AND/OR COTTONSEED) SALT, CHEDDAR CHEESE (MILK SALT, CHEESE CULTURES, ENZYMES), WHEY, BUTTERMILK, DISODIUM PHOSPHATE, ARTIFICIAL COLOR (INCLUDING FD&C YELLOW #6, FD&C YELLOW #5), SUGAR, SOY FLOUR, SPICES, AUTOLYZED YEAST EXTRACT, PAPRIKA, MALTODEXTRIN, ONION, TRICALCIUM (AS ANTICAKING) PHOSPHATE, EXTRACTIVE OF PAPRIKA, HYDROLYZED SOY PROTEIN, GARLIC, DISODIUM INOSINATE & DISODIUM GUANYLATE, CARAMEL COLOR, NATURAL HICKORY SMOKE FLAVOR, AND SOYBEAN OIL (PROCESSING AID).",28.0,g,1.0,ONZ,,,,,7.14,g,LCCS,10.71,g,LCCS,,,,,,,,,,,,,,,,1214.0,mg,LCCS,,,,,,,,,,,,,,,,536.0,kcal,LCCS,,,,,,,,,,,,,,,,,,,,,,0.0,mg,LCCD,,,,,,,,,,,,,,,,,,,,,,,,,,,,,,,,,,,,,,,,,,,,,,,,,,,,1071.0,IU,LCCD,,,,,,,7.1,g,LCCS,1.29,mg,LCCD,0.0,g,LCCS,,,,143.0,mg,LCCD,,,,,,,,,,,,,18.0,mg,LCCS,,,,,,,,,,50.0,g,LCCS,,,,,,,32.14,g,LCCS,,,,,,,,,,,,,,,,,,,,,,,,,,,,,,,,,,,,,,,,,,,,,,,,,,,,,,,,,,,,,10.71,g,LCCS,,,,,,,,,,,,,,,,,,,,,,,,,,,,,,,,,,,,,,,,True,True,False,False,False,False,True,False,True,False,False,False,False,False
45003497,VAN-O LUNCH COOKIES,LI,2018-03-11 02:15:57,"ENRICHED FLOUR (WHEAT FLOUR, NIACIN, REDUCED IRON, THIAMINE MONONITRATE, RIBOFLAVIN, FOLIC ACID), SUGAR, VEGETABLE OIL (CONTAINS ONE OR MORE OF THE FOLLOWING: CANOLA OIL, CORN OIL, PALM OIL, SOYBEAN OIL), CORN SYRUP, SODIUM BICARBONATE (LEAVENING), SALT, ARTIFICIAL FLAVORS, SOY LECITHIN (EMULSIFIER).",31.3,g,1.0,"PACKAGE, 4 COOKIES",,,,,7.99,g,LCCS,6.39,g,LCCS,,,,,,,,,,,,,,,,288.0,mg,LCCS,,,,,,,,,,,,,,,,479.0,kcal,LCCS,,,,,,,,,,,,,,,,,,,4.79,g,LCCS,0.0,mg,LCCD,,,,,,,,,,,,,,,,,,,,,,,,,,,,,,,,,,,,,,,,,,,,,,,,,6.39,g,LCCS,0.0,IU,LCCD,,,,,,,3.2,g,LCSL,2.3,mg,LCCD,0.0,g,LCCS,,,,0.0,mg,LCCD,,,,,,,,,,,,,0.0,mg,LCCD,,,,,,,,,,73.48,g,LCCS,,,,,,,19.17,g,LCCS,,,,,,,,,,,,,,,,,,,,,,,,,,,,,,,,,,,,,,,,,,,,,,,,,,,,,,,,,,,,,35.14,g,LCCS,,,,,,,,,,,,,,,,,,,,,,,,,,,,,,,,,,,,,,,,False,True,False,False,True,False,True,False,False,True,False,False,False,False
45003510,"AMPORT FOODS, DRIED PRUNES PLUMS",LI,2018-05-18 04:15:25,"DRIED PLUMS, POTASSIUM SORBATE (AS A PRESERVATIVE).",40.0,g,5.0,PIECES,,,,,0.0,g,LCCD,2.5,g,LCCS,,,,,,,,,,,,,,,,12.0,mg,LCCS,,,,,,,,,,,,,,,,300.0,kcal,LCCS,,,,,,,,,,,,,,,,,,,,,,6.0,mg,LCCD,,,,,,,,,,,,,,,,,,,,,,,,,,,,,,,,,,,,,,,,,,,,,,,,,,,,1250.0,IU,LCCD,,,,,,,5.0,g,LCCS,1.8,mg,LCCD,0.0,g,LCCS,,,,0.0,mg,LCCD,,,,,,,,,,,,,0.0,mg,LCCD,,,,,,,,,,70.0,g,LCCS,,,,,,,0.0,g,LCCD,,,,,,,,,,,,,,,,,,,,,,,,,,,,,,,,,,,,,,,,,,,,,,,,,,,,,,,,,,,,,35.0,g,LCCS,,,,,,,,,,,,,,,,,,,,,,,,,,,,,,,,,,,,,,,,False,False,False,False,False,True,False,False,False,False,False,False,False,False
45003535,"HARRIS TETTER, CRUMBLED FETA CHEESE",LI,2018-05-18 03:59:14,"CULTURED PASTEURIZED MILK, SALT, ENZYMES, POTATO STARCH ADDED TO PREVENT CAKING.",28.0,g,1.0,ONZ,,,,,10.71,g,LCCS,21.43,g,LCCS,,,,,,,,,,,,,,,,1214.0,mg,LCCS,,,,,,,,,,,,,,,,250.0,kcal,LCCS,,,,,,,,,,,,,,,,,,,,,,0.0,mg,LCCD,,,,,,,,,,,,,,,,,,,,,,,,,,,,,,,,,,,,,,,,,,,,,,,,,,,,714.0,IU,LCCD,,,,,,,0.0,g,LCCD,0.0,mg,LCCD,0.0,g,LCCS,,,,357.0,mg,LCCD,,,,,,,,,,,,,54.0,mg,LCCS,,,,,,,,,,7.14,g,LCCS,,,,,,,14.29,g,LCCS,,,,,,,,,,,,,,,,,,,,,,,,,,,,,,,,,,,,,,,,,,,,,,,,,,,,,,,,,,,,,3.57,g,LCSL,,,,,,,,,,,,,,,,,,,,,,,,,,,,,,,,,,,,,,,,True,False,False,False,False,False,True,False,True,False,False,False,False,False
45003545,"BAKERY BOYS OF NEW YORK, POWDERED SUGAR COOKIES, SWISS RASPBERRY",LI,2017-11-04 00:46:40,"FLOUR (WHEAT FLOUR, NIACIN, MALTED BARLEY FLOUR, IRON, POTASSIUM BROMATE, THIAMINE MONONITRATE, RIBOFLAVIN, FOLIC ACID), VEGETABLE SHORTENING, SUGAR, EGG WHITES, HONEY, RASPBERRY JAM, POWDERED SUGAR (ALMOND, BUTTER, VANILLA FLAVORED), FD&C COLORS YELLOW #5, RED #40, YELLOW #6).",28.0,g,1.0,COOKIE,,,,,7.14,g,LCCS,3.57,g,LCCS,,,,,,,,,,,,,,,,218.0,mg,LCCS,,,,,,,,,,,,,,,,468.0,kcal,LCCS,,,,,,,,,,,,,,,,,,,,,,0.0,mg,LCCD,,,,,,,,,,,,,,,,,,,,,,,,,,,,,,,,,,,,,,,,,,,,,,,,,,,,0.0,IU,LCCD,,,,,,,0.0,g,LCCD,1.29,mg,LCCD,0.0,g,LCCS,,,,0.0,mg,LCCD,,,,,,,,,,,,,0.0,mg,LCCD,,,,,,,,,,53.57,g,LCCS,,,,,,,25.0,g,LCCS,,,,,,,,,,,,,,,,,,,,,,,,,,,,,,,,,,,,,,,,,,,,,,,,,,,,,,,,,,,,,32.14,g,LCCS,,,,,,,,,,,,,,,,,,,,,,,,,,,,,,,,,,,,,,,,True,False,False,False,True,True,True,False,True,False,False,False,False,False
45003602,"SUNSWEET, PITTED DATES",LI,2018-05-18 15:19:48,PITTED DATES.,40.0,g,5.0,-6 DATES,,,,,0.0,g,LCCD,2.5,g,LCSL,,,,,,,,,,,,,,,,0.0,mg,LCCD,,,,,,,,,,,,,,,,300.0,kcal,LCCS,,,,700.0,mg,LCCS,,,,,,,,,,,,,,,,0.0,mg,LCCD,,,,,,,,,,,,,,,,,,,,,,,,,,,,,,,,,,,,,,,,,,,,,,,,,,,,0.0,IU,LCCD,,,,,,,7.5,g,LCCS,0.9,mg,LCCD,0.0,g,LCCS,,,,50.0,mg,LCCD,,,,,,,,,,,,,0.0,mg,LCCD,,,,,,,,,,75.0,g,LCCS,,,,,,,0.0,g,LCCD,,,,,,,,,,,,,,,,,,,,,,,,,,,,,,,,,,,,,,,,,,,,,,,,,,,,,,,,,,,,,65.0,g,LCCS,,,,,,,,,,,,,,,,,,,,,,,,,,,,,,,,,,,,,,,,False,False,False,False,False,True,False,False,False,False,False,False,False,False
45003664,"SHOP 'N SAVE, AU JUS GRAVY MIX",LI,2018-05-18 17:02:59,"HYDROLYZED SOY PROTEIN AND CORN GLUTEN (DISODIUM GUANYLATE, LACTIC ACID), MALTODEXTRIN, WHEAT STARCH, SALT, SUGAR, AUTOLYZED YEAST EXTRACT, DEXTROSE, CARAMEL COLOR, DEHYDRATED ONION AND GARLIC, PARTIALLY HYDROGENATED SOYBEAN OIL, NATURAL AND ARTIFICIAL FLAVORS, BEET POWDER, DISODIUM INOSINATE. NOT MORE THAN 2% SILICON DIOXIDE ADDED TO PREVENT CAKING.",3.5,g,1.0,tsp,,,,,0.0,g,LCCD,0.0,g,LCCS,,,,,,,,,,,,,,,,10000.0,mg,LCCS,,,,,,,,,,,,,,,,286.0,kcal,LCCS,,,,,,,,,,,,,,,,,,,,,,0.0,mg,LCCD,,,,,,,,,,,,,,,,,,,,,,,,,,,,,,,,,,,,,,,,,,,,,,,,,,,,0.0,IU,LCCD,,,,,,,0.0,g,LCCD,0.0,mg,LCCD,0.0,g,LCCS,,,,0.0,mg,LCCD,,,,,,,,,,,,,0.0,mg,LCCD,,,,,,,,,,57.14,g,LCCS,,,,,,,0.0,g,LCCD,,,,,,,,,,,,,,,,,,,,,,,,,,,,,,,,,,,,,,,,,,,,,,,,,,,,,,,,,,,,,0.0,g,LCSL,,,,,,,,,,,,,,,,,,,,,,,,,,,,,,,,,,,,,,,,False,True,False,False,True,False,True,False,False,False,False,False,False,False
45003665,"SCHNUCKS, BROWN GRAVY MIX",LI,2018-05-18 18:11:18,"CORNSTARCH, FOOD STARCH-MODIFIED, CORN SYRUP SOLIDS, HYDROLYZED SOY, CORN AND WHEAT PROTEIN, SALT, PARTIALLY HYDROGENATED SOYBEAN OIL, BEEF (FAT AND BROTH), CARAMEL COLOR, SODIUM CASEINATE, MONO AND - DIGLYCERIDES, DEHYDRATED ONION, DISODIUM INOSINATE, THIAMINE HYDROCHLORIDE, DISODIUM GUANYLATE, SPICE EXTRACTIVE AND LESS THAN 2% SILICON DIOXIDE TO PREVENT CAKING.",6.0,g,2.0,tsp,,,,,0.0,g,LCCD,0.0,g,LCCS,,,,,,,,,,,,,,,,5667.0,mg,LCCS,,,,,,,,,,,,,,,,333.0,kcal,LCCS,,,,,,,,,,,,,,,,,,,,,,0.0,mg,LCCD,,,,,,,,,,,,,,,,,,,,,,,,,,,,,,,,,,,,,,,,,,,,,,,,,,,,0.0,IU,LCCD,,,,,,,0.0,g,LCCD,0.0,mg,LCCD,0.0,g,LCCS,,,,0.0,mg,LCCD,,,,,,,,,,,,,0.0,mg,LCCD,,,,,,,,,,50.0,g,LCCS,,,,,,,8.33,g,LCCS,,,,,,,,,,,,,,,,,,,,,,,,,,,,,,,,,,,,,,,,,,,,,,,,,,,,,,,,,,,,,0.0,g,LCCS,,,,,,,,,,,,,,,,,,,,,,,,,,,,,,,,,,,,,,,,False,True,False,False,True,False,True,False,False,False,False,True,False,False
45003702,ICE CREAM,LI,2018-02-03 05:14:55,"ALMONDS, SUGAR, CONTAINS LESS THAN 1% OF THE FOLLOWING: BUTTER (CREAM [MILK], SALT), SALT, VEGETABLE OIL (PEANUT AND/OR COTTONSEED), SOY LECITHIN, CARAMEL COLOR.",22.0,g,2.0,Tbsp,,,,,2.27,g,LCCS,13.64,g,LCCS,,,,,,,,,,,,,,,,295.0,mg,LCCS,,,,,,,,,,,,,,,,545.0,kcal,LCCS,,,,,,,,,,,,,,,,,,,,,,0.0,mg,LCCD,,,,,,,,,,,,,,,,,,,,,,,,,,,,,,,,,,,,,,,,,,,,,,,,,,,,0.0,IU,LCCD,,,,,,,4.5,g,LCCS,1.64,mg,LCCD,0.0,g,LCCS,,,,182.0,mg,LCCD,,,,,,,,,,,,,0.0,mg,LCCD,,,,,,,,,,54.55,g,LCCS,,,,,,,31.82,g,LCCS,,,,,,,,,,,,,,,,,,,,,,,,,,,,,,,,,,,,,,,,,,,,,,,,,,,,,,,,,,,,,45.45,g,LCCS,,,,,,,,,,,,,,,,,,,,,,,,,,,,,,,,,,,,,,,,True,True,False,False,False,False,True,False,True,False,False,False,False,False
45003718,THICK CUT FULLY COOKED BACON,LI,2018-03-10 21:16:55,"BACON (CURED WITH WATER, SALT, SUGAR, SMOKE FLAVORING, SODIUM PHOSPHATE, SODIUM ERYTHORBATE, SODIUM NITRITE).",18.0,g,3.0,SLICES,,,,,13.89,g,LCCS,33.33,g,LCCS,,,,,,,,,,,,,,,,2056.0,mg,LCCS,,,,,,,,,,,,,,,,500.0,kcal,LCCS,,,,,,,,,,,,,,,,,,,5.56,g,LCCS,,,,,,,,,,,,,,,,,,,,,,,,,,,,,,,,,,,,,,,,,,,,,,,,,,,,19.44,g,LCCS,,,,,,,,,,0.0,g,LCCD,,,,0.0,g,LCCS,,,,,,,,,,,,,,,,,,,83.0,mg,LCCS,,,,,,,,,,5.56,g,LCCS,,,,,,,44.44,g,LCCS,,,,,,,,,,,,,,,,,,,,,,,,,,,,,,,,,,,,,,,,,,,,,,,,,,,,,,,,,,,,,5.56,g,LCCS,,,,,,,,,,,,,,,,,,,,,,,,,,,,,,,,,,,,,,,,False,False,False,False,False,False,False,False,False,False,False,False,False,False
45003719,"HT TRADERS, MARINATED PEPPERONCINI",LI,2017-09-29 21:56:25,"PEPPERS, WATER, VINEGAR, SALT, BRINE, CITRIC ACID, FD&C YELLOW #5, BENZOATE OF SODA (AS A PRESERVATIVE), SODIUM BILSULFITE (TO PRESERVE COLOR).",31.0,g,4.0,PEPPERS,,,,,,,,0.0,g,LCCS,,,,,,,,,,,,,,,,1323.0,mg,LCCS,,,,,,,,,,,,,,,,32.0,kcal,LCCS,,,,,,,,,,,,,,,,,,,,,,,,,,,,,,,,,,,,,,,,,,,,,,,,,,,,,,,,,,,,,,,,,,,,,,,,,,,,,,,,,,,,,3.2,g,LCCS,,,,0.0,g,LCCS,,,,,,,,,,,,,,,,,,,,,,,,,,,,,,,6.45,g,LCCS,,,,,,,0.0,g,LCCD,,,,,,,,,,,,,,,,,,,,,,,,,,,,,,,,,,,,,,,,,,,,,,,,,,,,,,,,,,,,,,,,,,,,,,,,,,,,,,,,,,,,,,,,,,,,,,,,,,,,,,,False,False,False,False,False,False,True,False,False,False,False,False,False,False
45003728,"HARRIS TEETER, POTATO CHIPS, ORIGINAL",LI,2018-05-19 11:44:49,"CHOICE POTATOES COOKED IN VEGETABLE OIL (CONTAINS ONE OR MORE OF THE FOLLOWING: CORN, COTTONSEED, SOYBEAN), WITH SALT ADDED.",28.0,g,13.0,CHIPS | ABOUT,,,,,8.93,g,LCCS,7.14,g,LCCS,,,,,,,,,,,,,,,,643.0,mg,LCCS,,,,,,,,,,,,,,,,500.0,kcal,LCCS,,,,,,,,,,,,,,,,,,,,,,21.4,mg,LCCD,,,,,,,,,,,,,,,,,,,,,,,,,,,,,,,,,,,,,,,,,,,,,,,,,,,,0.0,IU,LCCD,,,,,,,3.6,g,LCCS,1.29,mg,LCCD,0.0,g,LCCS,,,,0.0,mg,LCCD,,,,,,,,,,,,,0.0,mg,LCCD,,,,,,,,,,57.14,g,LCCS,,,,,,,28.57,g,LCCS,,,,,,,,,,,,,,,,,,,,,,,,,,,,,,,,,,,,,,,,,,,,,,,,,,,,,,,,,,,,,0.0,g,LCCS,,,,,,,,,,,,,,,,,,,,,,,,,,,,,,,,,,,,,,,,False,True,False,False,False,False,True,False,False,False,False,False,False,False
45003774,"SCHNUCKS, INSTANT OATMEAL, MAPLE & BROWN SUGAR",LI,2018-05-19 10:26:06,"WHOLE GRAIN ROLLED OATS (WITH OAT BRAN), SUGAR, NATURAL AND ARTIFICIAL FLAVORS, SALT, CALCIUM CARBONATE (A SOURCE OF CALCIUM), GUAR GUM, CARAMEL COLOR, SUCRALOSE (SPLENDA BRAND), NIACINAMIDE*, REDUCED IRON, PYRIDOXINE HYDROCHLORIDE*, VITAMIN A PALMITATE, RIBOFLAVIN*, THIAMIN MONONITRATE*, FOLIC ACID*,",34.0,g,1.0,PACKET,,,,,1.47,g,LCCS,11.76,g,LCCS,,,,,,,,,,,,,,,,882.0,mg,LCCS,,,,,,,,,,,,,,,,353.0,kcal,LCCS,,,,,,,11.765,mg,LCCD,,,,,,,,,,1.47,g,LCCS,0.0,mg,LCCD,,,,,,,,,,1.176,mg,LCCD,,,,,,,,,,,,,,,,294.0,mg,LCCD,,,,,,,,,,,,,,,,,,,1.47,g,LCCS,2941.0,IU,LCCD,,,,,,,8.8,g,LCCS,10.59,mg,LCCD,0.0,g,LCCS,,,,294.0,mg,LCCD,,,,,,,,,,,,,0.0,mg,LCCD,3.0,g,LCCS,,,,,,,70.59,g,LCCS,,,,,,,5.88,g,LCCS,,,,,,,,,,,,,1.0,mg,LCCD,,,,,,,,,,,,,1.0,mg,LCCD,,,,,,,,,,,,,,,,,,,,,,,,,,,,,,,11.76,g,LCCS,,,,,,,,,,,,,,,,,,,,,,,,,,,,,,,,,,,,,,,,False,False,False,False,False,False,False,False,False,False,False,False,False,False
45003802,"WHITE ROSE, SWEET BREAD & BUTTER PICKLE CHIPS",LI,2018-05-19 13:05:43,"FRESH CUCUMBERS, HIGH FRUCTOSE CORN SYRUP, WATER, VINEGAR, SALT, SPICES, CALCIUM CHLORIDE, YELLOW 5, NATURAL FLAVORS, POLYSORBATE 80",28.0,g,5.0,SLICES,,,,,,,,0.0,g,LCCS,,,,,,,,,,,,,,,,536.0,mg,LCCS,,,,,,,,,,,,,,,,107.0,kcal,LCCS,,,,,,,,,,,,,,,,,,,,,,,,,,,,,,,,,,,,,,,,,,,,,,,,,,,,,,,,,,,,,,,,,,,,,,,,,,,,,,,,,,,,,,,,,,,,,,,,,,,,,,,,,,,,,,,,,,,,,,,,,,,,28.57,g,LCCS,,,,,,,0.0,g,LCCD,,,,,,,,,,,,,,,,,,,,,,,,,,,,,,,,,,,,,,,,,,,,,,,,,,,,,,,,,,,,,25.0,g,LCCS,,,,,,,,,,,,,,,,,,,,,,,,,,,,,,,,,,,,,,,,False,False,False,False,False,False,True,False,False,False,False,False,False,False
45003804,ALASKAN POLLOCK FILLETS,LI,2017-11-01 18:42:20,"ALASKAN POLLOCK, SALT.",56.0,g,2.0,ONZ,,,,,0.0,g,LCCD,25.0,g,LCCS,,,,,,,,,,,,,,,,5821.0,mg,LCCS,,,,,,,,,,,,,,,,107.0,kcal,LCCS,,,,,,,,,,,,,,,,,,,,,,0.0,mg,LCCD,,,,,,,,,,,,,,,,,,,,,,,,,,,,,,,,,,,,,,,,,,,,,,,,,,,,179.0,IU,LCCD,,,,,,,0.0,g,LCCD,0.64,mg,LCCD,,,,,,,107.0,mg,LCCD,,,,,,,,,,,,,54.0,mg,LCCS,,,,,,,,,,0.0,g,LCCD,,,,,,,0.89,g,LCCS,,,,,,,,,,,,,,,,,,,,,,,,,,,,,,,,,,,,,,,,,,,,,,,,,,,,,,,,,,,,,0.0,g,LCCS,,,,,,,,,,,,,,,,,,,,,,,,,,,,,,,,,,,,,,,,False,False,False,False,False,False,False,False,False,False,False,False,False,False
45003809,SIMPLY DELICIOUS MEATS,LI,2017-09-23 02:23:36,"MECHANICALLY SEPARATE CHICKEN, BEEF, PORK, WATER, SALT, CORN SYRUP SOLIDS, FLAVORINGS, DEXTROSE, PAPRIKA, SODIUM ERYTHORBATE, SODIUM NITRITE.",56.0,g,2.0,ONZ,,,,,7.14,g,LCCS,12.5,g,LCCS,,,,,,,,,,,,,,,,1018.0,mg,LCCS,,,,,,,,,,,,,,,,268.0,kcal,LCCS,,,,,,,,,,,,,,,,,,,,,,6.4,mg,LCCD,,,,,,,,,,,,,,,,,,,,,,,,,,,,,,,,,,,,,,,,,,,,,,,,,,,,625.0,IU,LCCD,,,,,,,0.0,g,LCCD,1.93,mg,LCCD,0.0,g,LCCS,,,,107.0,mg,LCCD,,,,,,,,,,,,,89.0,mg,LCCS,,,,,,,,,,5.36,g,LCCS,,,,,,,23.21,g,LCCS,,,,,,,,,,,,,,,,,,,,,,,,,,,,,,,,,,,,,,,,,,,,,,,,,,,,,,,,,,,,,1.79,g,LCCS,,,,,,,,,,,,,,,,,,,,,,,,,,,,,,,,,,,,,,,,False,False,False,False,False,False,True,False,False,True,True,True,False,False
45003824,"SIMMERING SAMURAI, ORANGE CHICKEN FRIED RICE",LI,2018-05-19 13:00:49,"FRIED RICE: COOKED RICE, BREADED CHICKEN WHITE MEAT CHUNKS, COOKED (CHICKEN WHITE MEAT, WATER, MODIFIED FOOD STARCH, SODIUM PHOSPHATE, SALT, BATTERED WITH: WATER, WHEAT FLOUR, MODIFIED CORN STARCH, YELLOW CORN FLOUR, SALT, RENDERED CHICKEN FAT, NONFAT DRY MILK, DEXTROSE, DIPOTASSIUM PHOSPHATE, XANTHAN GUM, TBHQ, CITRIC ACID, SPICE EXTRACTIVES. BREADED WITH: BLEACHED WHEAT FLOUR, SALT, RICE FLOUR, DEXTROSE, SPICES, LEAVENING [SODIUM ALUMINUM PHOSPHATE, SODIUM BICARBONATE], YEAST, EXTRACTIVES OF PAPRIKA, BREADING SET IN VEGETABLE OIL.), SOY SAUCE (WATER, WHEAT, SOYBEANS, SALT, ALCOHOL [TO RETAIN FRESHNESS]), CONTAINS LESS THAN 2% OF EACH OF THE FOLLOWING: GREEN PEAS, CARROTS, CORN, RED BELL PEPPERS, SUGAR, ONIONS, SOYBEAN OIL, MONOSODIUM GLUTAMATE, SALT, SALTED SAKE (RICE, KOJI [ASPERGILLUS ORYZAE], DEXTROSE, SALT, WATER, ALCOHOL), SESAME OIL, SPICES, CANOLA OIL, DISODIUM INOSINATE AND GUANYLATE. SAUCE: WATER. SUGAR, DISTILLED VINEGAR, SOY SAUCE (WATER, WHEAT, SOYBEANS, SALT, ALCOHOL [TO RETAIN FRESHNESS]), MODIFIED FOOD STARCH, CONTAINS LESS THAN 2% OF EACH OF THE FOLLOWING: SWEET COOKING RICE WINE (WATER, MIRIN [RICE, ALCOHOL, SALT, ENZYMES], SUGAR, LACTIC ACID), MONOSODIUM GLUTAMATE, SALT, SESAME OIL, CANOLA OIL, GARLIC POWDER, SPICES, ORANGE PEEL PAPRIKA OLEORESIN (COLOR), DISODIUM INOSINATE AND GUANYLATE",206.0,g,1.33,cup,,,,,0.49,g,LCCS,4.37,g,LCCS,,,,,,,,,,,,,,,,549.0,mg,LCCS,,,,,,,,,,,,,,,,165.0,kcal,LCCS,,,,,,,,,,,,,,,,,,,,,,0.0,mg,LCCD,,,,,,,,,,,,,,,,,,,,,,,,,,,,,,,,,,,,,,,,,,,,,,,,,,,,146.0,IU,LCCD,,,,,,,1.0,g,LCCS,0.35,mg,LCCD,0.0,g,LCCS,,,,10.0,mg,LCCD,,,,,,,,,,,,,7.0,mg,LCCS,,,,,,,,,,28.64,g,LCCS,,,,,,,2.43,g,LCCS,,,,,,,,,,,,,,,,,,,,,,,,,,,,,,,,,,,,,,,,,,,,,,,,,,,,,,,,,,,,,3.4,g,LCCS,,,,,,,,,,,,,,,,,,,,,,,,,,,,,,,,,,,,,,,,True,True,False,False,True,True,True,False,True,True,False,False,False,False
45003826,THE GOOD HEALTH CHEESE ALTERNATIVE,LI,2017-10-13 04:52:32,"ALMOND BASE (CASCADE MOUNTAIN FILTERED WATER, CRUSHED ORGANIC ALMONDS), CASEIN (MILK PROTEIN), EXPELLER-PRESSED CANOLA OIL, NATURAL FLAVORINGS, ORGANIC BROWN RICE FLOUR, SODIUM & CALCIUM PHOSPHATE, SEA SALT, CITRIC ACID, GARLIC, HERBS, CARRAGEENAN.",28.0,g,1.0,ONZ,,,,,0.0,g,LCCD,25.0,g,LCCS,,,,,,,,,,,,,,,,679.0,mg,LCCS,,,,,,,,,,,,,,,,179.0,kcal,LCCS,,,,,,,,,,,,,,,,,,,0.0,g,LCCS,,,,,,,,,,,,,,,,,,,,,,,,,,,,,,,,,,,,,,,,,,,,,,,,,,,,3.57,g,LCCS,,,,,,,,,,3.6,g,LCCS,,,,0.0,g,LCCS,,,,893.0,mg,LCCD,,,,,,,,,,,,,0.0,mg,LCCD,,,,,,,,,,10.71,g,LCCS,,,,,,,3.57,g,LCCS,,,,,,,,,,,,,,,,,,,,,,,,,,,,,,,,,,,,,,,,,,,,,,,,,,,,,,,,,,,,,0.0,g,LCCS,,,,,,,,,,,,,,,,,,,,,,,,,,,,,,,,,,,,,,,,True,False,False,False,False,False,True,False,True,False,False,False,False,False
45003865,"TE' SUPREMO, CINNAMON & APPLE SCENTED TEA, CINNAMON, APPLE",LI,2018-05-20 04:21:45,BLACK TEA (CAMELLIA SINENSIS) AND APPLE AND CINNAMON FLAVOUR.,2.0,g,1.0,TEA BAG,,,,,,,,0.0,g,LCCS,,,,,,,,,,,,,,,,0.0,mg,LCCD,,,,,,,,,,,,,,,,0.0,kcal,LCCS,,,,,,,,,,,,,,,,,,,,,,,,,,,,,,,,,,,,,,,,,,,,,,,,,,,,,,,,,,,,,,,,,,,,,,,,,,,,,,,,,,,,,,,,,,,,,,,,,,,,,,,,,,,,,,,,,,,,,,,,,,,,0.0,g,LCCD,,,,,,,0.0,g,LCCD,,,,,,,,,,,,,,,,,,,,,,,,,,,,,,,,,,,,,,,,,,,,,,,,,,,,,,,,,,,,,0.0,g,LCCS,,,,,,,,,,,,,,,,,,,,,,,,,,,,,,,,,,,,,,,,False,False,False,False,False,True,False,False,False,False,False,False,False,False
45003872,PREMIUM PASTA SAUCE,LI,2017-11-02 17:45:35,"TOMATO PUREE (WATER, TOMATO PASTE), DICED TOMATOES, BEEF, SUGAR, VEGETABLE OIL (CORN AND/OR COTTONSEED AND/OR SOYBEAN), SALT, DEHYDRATED GARLIC, DEHYDRATED ONION, SPICES (BASIL, OREGANO, SPICE), CITRIC ACID, DEHYDRATED PARSLEY.",128.0,g,0.5,cup,,,,,0.0,g,LCCD,2.34,g,LCCS,,,,,,,,,,,,,,,,375.0,mg,LCCS,,,,,,,,,,,,,,,,62.0,kcal,LCCS,,,,,,,,,,,,,,,,,,,,,,1.9,mg,LCCD,,,,,,,,,,,,,,,,,,,,,,,,,,,,,,,,,,,,,,,,,,,,,,,,,,,,391.0,IU,LCCD,,,,,,,2.3,g,LCCS,1.12,mg,LCCD,0.0,g,LCCS,,,,16.0,mg,LCCD,,,,,,,,,,,,,0.0,mg,LCCD,,,,,,,,,,10.16,g,LCCS,,,,,,,1.95,g,LCCS,,,,,,,,,,,,,,,,,,,,,,,,,,,,,,,,,,,,,,,,,,,,,,,,,,,,,,,,,,,,,7.03,g,LCCS,,,,,,,,,,,,,,,,,,,,,,,,,,,,,,,,,,,,,,,,False,True,False,False,False,False,True,False,False,False,False,True,False,False
45003887,HOT SAGEY RINGS,LI,2018-05-20 15:08:19,"PORK, WATER, TEXTURED SOY FLOUR, SALT, SUGAR, FLAVORING, MONOSODIUM GLUTAMATE, BHA, BHT.",56.0,g,2.0,ONZ,,,,,12.5,g,LCCS,19.64,g,LCCS,,,,,,,,,,,,,,,,857.0,mg,LCCS,,,,,,,,,,,,,,,,411.0,kcal,LCCS,,,,,,,,,,,,,,,,,,,,,,0.0,mg,LCCD,,,,,,,,,,,,,,,,,,,,,,,,,,,,,,,,,,,,,,,,,,,,,,,,,,,,0.0,IU,LCCD,,,,,,,0.0,g,LCCD,1.29,mg,LCCD,0.0,g,LCCS,,,,36.0,mg,LCCD,,,,,,,,,,,,,89.0,mg,LCCS,,,,,,,,,,1.79,g,LCCS,,,,,,,35.71,g,LCCS,,,,,,,,,,,,,,,,,,,,,,,,,,,,,,,,,,,,,,,,,,,,,,,,,,,,,,,,,,,,,0.0,g,LCCS,,,,,,,,,,,,,,,,,,,,,,,,,,,,,,,,,,,,,,,,False,True,False,False,False,False,False,False,False,False,True,False,False,False
45003908,"MV ESSENTIALS, BAKED PRETZEL RODS",LI,2018-01-20 18:18:45,"ENRICHED WHEAT FLOUR (CONTAINS: WHEAT FLOUR, NIACIN, REDUCED IRON, THIAMINE MONONITRATE, RIBOFLAVIN, AND FOLIC ACID), SALT, MALT, VEGETABLE OIL (CONTAINS ONE OR MORE OF THE FOLLOWING: CANOLA, CORN, SOYBEAN), LEAVENING (CONTAINS ONE OR MORE OF THE FOLLOWING: YEAST, SODIUM BICARBONATE, AMMONIUM BICARBONATE).",28.0,g,2.5,PRETZELS,,,,,0.0,g,LCCD,10.71,g,LCCS,,,,,,,,,,,,,,,,1036.0,mg,LCCS,,,,,,,,,,,,,,,,393.0,kcal,LCCS,,,,,,,,,,,,,,,,,,,0.0,g,LCCS,0.0,mg,LCCD,,,,,,,,,,,,,,,,,,,,,,,,,,,,,,,,,,,,,,,,,,,,,,,,,0.0,g,LCCS,0.0,IU,LCCD,,,,,,,3.6,g,LCCS,3.86,mg,LCCD,0.0,g,LCCS,,,,0.0,mg,LCCD,,,,,,,,,,,,,0.0,mg,LCCD,,,,,,,,,,82.14,g,LCCS,,,,,,,3.57,g,LCCS,,,,,,,,,,,,,,,,,,,,,,,,,,,,,,,,,,,,,,,,,,,,,,,,,,,,,,,,,,,,,3.57,g,LCSL,,,,,,,,,,,,,,,,,,,,,,,,,,,,,,,,,,,,,,,,False,True,False,False,True,False,True,False,False,False,False,False,False,False
45003909,BEEF FRANKS,LI,2017-09-01 01:27:22,"BEEF, WATER, CORN SYRUP, SALT, CONTAINS 2% OR LESS MODIFIED FOOD STARCH, FLAVORINGS, SODIUM LACTATE, DEXTROSE, SODIUM PHOSPHATES, SODIUM DIACETATE, SODIUM ERYTHORBATE, PAPRIKA, SODIUM NITRATE.",56.0,g,1.0,LINK,,,,,12.5,g,LCCS,8.93,g,LCCS,,,,,,,,,,,,,,,,1500.0,mg,LCCS,,,,,,,,,,,,,,,,321.0,kcal,LCCS,,,,,,,,,,,,,,,,,,,,,,0.0,mg,LCCD,,,,,,,,,,,,,,,,,,,,,,,,,,,,,,,,,,,,,,,,,,,,,,,,,,,,0.0,IU,LCCD,,,,,,,0.0,g,LCCD,1.29,mg,LCCD,0.0,g,LCCS,,,,36.0,mg,LCCD,,,,,,,,,,,,,54.0,mg,LCCS,,,,,,,,,,7.14,g,LCCS,,,,,,,26.79,g,LCCS,,,,,,,,,,,,,,,,,,,,,,,,,,,,,,,,,,,,,,,,,,,,,,,,,,,,,,,,,,,,,1.79,g,LCCS,,,,,,,,,,,,,,,,,,,,,,,,,,,,,,,,,,,,,,,,False,False,False,False,False,False,True,False,False,False,False,True,False,False
45003912,"NEESE'S, COUNTRY SAUSAGE",LI,2018-05-20 04:34:45,"PORK, SALT, SPICES, SUGAR.",41.0,g,1.5,ONZ,,,,,12.2,g,LCCS,19.51,g,LCCS,,,,,,,,,,,,,,,,854.0,mg,LCCS,,,,,,,,,,,,,,,,415.0,kcal,LCCS,,,,,,,,,,,,,,,,,,,,,,0.0,mg,LCCD,,,,,,,,,,,,,,,,,,,,,,,,,,,,,,,,,,,,,,,,,,,,,,,,,,,,0.0,IU,LCCD,,,,,,,0.0,g,LCCD,2.63,mg,LCCD,,,,,,,0.0,mg,LCCD,,,,,,,,,,,,,98.0,mg,LCCS,,,,,,,,,,0.0,g,LCCD,,,,,,,39.02,g,LCCS,,,,,,,,,,,,,,,,,,,,,,,,,,,,,,,,,,,,,,,,,,,,,,,,,,,,,,,,,,,,,,,,,,,,,,,,,,,,,,,,,,,,,,,,,,,,,,,,,,,,,,,False,False,False,False,False,False,False,False,False,False,True,False,False,False
45003915,"NEESE'S, HICKORY SMOKED BACON",LI,2018-05-24 15:53:07,"CURED WITH: WATER, SALT, SUGAR, SODIUM PHOSPHATE, SODIUM ERYTHORBATE, SODIUM NITRITE.",15.0,g,2.0,PAN FRIED SLICES,,,,,20.0,g,LCCS,26.67,g,LCCS,,,,,,,,,,,,,,,,1733.0,mg,LCCS,,,,,,,,,,,,,,,,533.0,kcal,LCCS,,,,,,,,,,,,,,,,,,,,,,,,,,,,,,,,,,,,,,,,,,,,,,,,,,,,,,,,,,,,,,,,,,,,,,,,,,,,,,,,,,,,,,,,,,,0.0,g,LCCS,,,,,,,,,,,,,,,,,,,100.0,mg,LCCS,,,,,,,,,,0.0,g,LCCD,,,,,,,46.67,g,LCCS,,,,,,,,,,,,,,,,,,,,,,,,,,,,,,,,,,,,,,,,,,,,,,,,,,,,,,,,,,,,,,,,,,,,,,,,,,,,,,,,,,,,,,,,,,,,,,,,,,,,,,,False,False,False,False,False,False,False,False,False,False,False,False,False,False
45003928,"HARRIS TEETER, DELI SHAVED SLICES SMOKED PASTRAMI",LI,2018-05-20 15:09:18,"BEEF, WATER, SALT, POTASSIUM LACTATE, SEASONING (SALT, GARLIC POWDER, BROWN SUGAR, SPICES, YEAST EXTRACT, ONION POWDER, MALTODEXTRIN, SOYBEAN OIL (PROCESSING AID), MODIFIED FOOD STARCH, VINEGAR SOLIDS, NATURAL FLAVORS), SODIUM DIACETATE, SODIUM PHOSPHATE, SODIUM ERYTHORBATE, SODIUM NITRITE, FLAVORING, COATED WITH CARAMEL COLOR.",56.0,g,2.0,ONZ,,,,,2.68,g,LCCS,30.36,g,LCCS,,,,,,,,,,,,,,,,714.0,mg,LCCS,,,,,,,,,,,,,,,,161.0,kcal,LCCS,,,,,,,,,,,,,,,,,,,,,,,,,,,,,,,,,,,,,,,,,,,,,,,,,,,,,,,,,,,,,,,,,,,,,,,,,,,,,,,,,,,,,,,,2.57,mg,LCCD,0.0,g,LCCS,,,,,,,,,,,,,,,,,,,89.0,mg,LCCS,,,,,,,,,,1.79,g,LCCS,,,,,,,3.57,g,LCCS,,,,,,,,,,,,,,,,,,,,,,,,,,,,,,,,,,,,,,,,,,,,,,,,,,,,,,,,,,,,,0.0,g,LCCS,,,,,,,,,,,,,,,,,,,,,,,,,,,,,,,,,,,,,,,,False,True,False,False,False,False,True,False,False,False,False,True,False,False
45003931,"HT TRADERS, EASTERN CAROLINA BARBECUE SAUCE",LI,2018-05-24 15:43:08,"WATER, DISTILLED VINEGAR, APPLE CIDER VINEGAR, DEXTROSE, HIGH FRUCTOSE CORN SYRUP, BROWN SUGAR, TOMATO PASTE, SPICES, SALT, DRIED ONION AND GARLIC, SOYBEANS, WHEAT, NATURAL FLAVORS, SODIUM BENZOATE AS A PRESERVATIVE.",31.0,g,2.0,Tbsp,,,,,,,,0.0,g,LCCS,,,,,,,,,,,,,,,,306.0,mg,LCCS,,,,,,,,,,,,,,,,48.0,kcal,LCCS,,,,,,,,,,,,,,,,,,,,,,,,,,,,,,,,,,,,,,,,,,,,,,,,,,,,,,,,,,,,,,,,,,,,,,,,,,,,323.0,IU,LCCD,,,,,,,,,,,,,,,,,,,,,,,,,,,,,,,,,,,,,,,,,,,,,,12.9,g,LCCS,,,,,,,0.0,g,LCCD,,,,,,,,,,,,,,,,,,,,,,,,,,,,,,,,,,,,,,,,,,,,,,,,,,,,,,,,,,,,,9.68,g,LCCS,,,,,,,,,,,,,,,,,,,,,,,,,,,,,,,,,,,,,,,,False,True,False,False,True,True,True,False,False,False,False,False,False,False
45003942,CHUNKY SALSA,LI,2017-09-20 00:29:21,"TOMATO PUREE (WATER, TOMATO PASTE, CITRIC ACID), DICED TOMATOES, GREEN BELL PEPPERS, JALAPENO PEPPERS, DRIED ONION, VINEGAR, SALT, SUGAR, DRIED GARLIC, NATURAL FLAVOR, SPICE.",31.0,g,2.0,Tbsp,,,,,0.0,g,LCCD,0.0,g,LCCS,,,,,,,,,,,,,,,,548.0,mg,LCCS,,,,,,,,,,,,,,,,48.0,kcal,LCCS,,,,,,,,,,,,,,,,,,,,,,0.0,mg,LCCD,,,,,,,,,,,,,,,,,,,,,,,,,,,,,,,,,,,,,,,,,,,,,,,,,,,,645.0,IU,LCCD,,,,,,,3.2,g,LCCS,0.0,mg,LCCD,0.0,g,LCCS,,,,0.0,mg,LCCD,,,,,,,,,,,,,0.0,mg,LCCD,,,,,,,,,,9.68,g,LCCS,,,,,,,0.0,g,LCCD,,,,,,,,,,,,,,,,,,,,,,,,,,,,,,,,,,,,,,,,,,,,,,,,,,,,,,,,,,,,,3.23,g,LCCS,,,,,,,,,,,,,,,,,,,,,,,,,,,,,,,,,,,,,,,,False,False,False,False,False,False,True,False,False,False,False,False,False,False
