NDB_NO,name,data_source,data_available,ingredients,Serving_Size,Serving_Size_UOM,Household_Serving_Size,Household_Serving_Size_UOM,Preparation_State,"18:2 n-6 c,c[Output_Value]","18:2 n-6 c,c[Output_UOM]","18:2 n-6 c,c[Derivation_Code]",8:0[Output_Value],8:0[Output_UOM],8:0[Derivation_Code],Caffeine[Output_Value],Caffeine[Output_UOM],Caffeine[Derivation_Code],"Carbohydrate, by difference[Output_Value]","Carbohydrate, by difference[Output_UOM]","Carbohydrate, by difference[Derivation_Code]",Serine[Output_Value],Serine[Output_UOM],Serine[Derivation_Code],Glutamic acid[Output_Value],Glutamic acid[Output_UOM],Glutamic acid[Derivation_Code],"Sodium, Na[Output_Value]","Sodium, Na[Output_UOM]","Sodium, Na[Derivation_Code]","Phosphorus, P[Output_Value]","Phosphorus, P[Output_UOM]","Phosphorus, P[Derivation_Code]","Fluoride, F[Output_Value]","Fluoride, F[Output_UOM]","Fluoride, F[Derivation_Code]",Histidine[Output_Value],Histidine[Output_UOM],Histidine[Derivation_Code],Total sugar alcohols[Output_Value],Total sugar alcohols[Output_UOM],Total sugar alcohols[Derivation_Code],"Fiber, total dietary[Output_Value]","Fiber, total dietary[Output_UOM]","Fiber, total dietary[Derivation_Code]","Alcohol, ethyl[Output_Value]","Alcohol, ethyl[Output_UOM]","Alcohol, ethyl[Derivation_Code]","Potassium, K[Output_Value]","Potassium, K[Output_UOM]","Potassium, K[Derivation_Code]",Vitamin E (alpha-tocopherol)[Output_Value],Vitamin E (alpha-tocopherol)[Output_UOM],Vitamin E (alpha-tocopherol)[Derivation_Code],Lutein + zeaxanthin[Output_Value],Lutein + zeaxanthin[Output_UOM],Lutein + zeaxanthin[Derivation_Code],Xylitol[Output_Value],Xylitol[Output_UOM],Xylitol[Derivation_Code],Riboflavin[Output_Value],Riboflavin[Output_UOM],Riboflavin[Derivation_Code],Cholesterol[Output_Value],Cholesterol[Output_UOM],Cholesterol[Derivation_Code],"Fiber, insoluble[Output_Value]","Fiber, insoluble[Output_UOM]","Fiber, insoluble[Derivation_Code]","Folate, total[Output_Value]","Folate, total[Output_UOM]","Folate, total[Derivation_Code]",Alanine[Output_Value],Alanine[Output_UOM],Alanine[Derivation_Code],"Fatty acids, total trans[Output_Value]","Fatty acids, total trans[Output_UOM]","Fatty acids, total trans[Derivation_Code]",Phenylalanine[Output_Value],Phenylalanine[Output_UOM],Phenylalanine[Derivation_Code],Isoleucine[Output_Value],Isoleucine[Output_UOM],Isoleucine[Derivation_Code],Inositol[Output_Value],Inositol[Output_UOM],Inositol[Derivation_Code],Niacin[Output_Value],Niacin[Output_UOM],Niacin[Derivation_Code],Thiamin[Output_Value],Thiamin[Output_UOM],Thiamin[Derivation_Code],"Selenium, Se[Output_Value]","Selenium, Se[Output_UOM]","Selenium, Se[Derivation_Code]",Leucine[Output_Value],Leucine[Output_UOM],Leucine[Derivation_Code],"Sugars, total[Output_Value]","Sugars, total[Output_UOM]","Sugars, total[Derivation_Code]",Cystine[Output_Value],Cystine[Output_UOM],Cystine[Derivation_Code],Tyrosine[Output_Value],Tyrosine[Output_UOM],Tyrosine[Derivation_Code],"Vitamin C, total ascorbic acid[Output_Value]","Vitamin C, total ascorbic acid[Output_UOM]","Vitamin C, total ascorbic acid[Derivation_Code]",Arginine[Output_Value],Arginine[Output_UOM],Arginine[Derivation_Code],Water[Output_Value],Water[Output_UOM],Water[Derivation_Code],Biotin[Output_Value],Biotin[Output_UOM],Biotin[Derivation_Code],Valine[Output_Value],Valine[Output_UOM],Valine[Derivation_Code],Sorbitol[Output_Value],Sorbitol[Output_UOM],Sorbitol[Derivation_Code],Threonine[Output_Value],Threonine[Output_UOM],Threonine[Derivation_Code],Lactose[Output_Value],Lactose[Output_UOM],Lactose[Derivation_Code],Cysteine[Output_Value],Cysteine[Output_UOM],Cysteine[Derivation_Code],"Magnesium, Mg[Output_Value]","Magnesium, Mg[Output_UOM]","Magnesium, Mg[Derivation_Code]",Vitamin E[Output_Value],Vitamin E[Output_UOM],Vitamin E[Derivation_Code],Vitamin D[Output_Value],Vitamin D[Output_UOM],Vitamin D[Derivation_Code],Protein[Output_Value],Protein[Output_UOM],Protein[Derivation_Code],Aspartic acid[Output_Value],Aspartic acid[Output_UOM],Aspartic acid[Derivation_Code],Vitamin B-12[Output_Value],Vitamin B-12[Output_UOM],Vitamin B-12[Derivation_Code],Energy[Output_Value],Energy[Output_UOM],Energy[Derivation_Code],Epigallocatechin-3-gallate[Output_Value],Epigallocatechin-3-gallate[Output_UOM],Epigallocatechin-3-gallate[Derivation_Code],Vitamin D (D2 + D3)[Output_Value],Vitamin D (D2 + D3)[Output_UOM],Vitamin D (D2 + D3)[Derivation_Code],Vitamin E (label entry primarily)[Output_Value],Vitamin E (label entry primarily)[Output_UOM],Vitamin E (label entry primarily)[Derivation_Code],Lysine[Output_Value],Lysine[Output_UOM],Lysine[Derivation_Code],"Choline, from phosphotidyl choline[Output_Value]","Choline, from phosphotidyl choline[Output_UOM]","Choline, from phosphotidyl choline[Derivation_Code]",10:0[Output_Value],10:0[Output_UOM],10:0[Derivation_Code],"Fiber, soluble[Output_Value]","Fiber, soluble[Output_UOM]","Fiber, soluble[Derivation_Code]",Taurine[Output_Value],Taurine[Output_UOM],Taurine[Derivation_Code],Vitamin B-6[Output_Value],Vitamin B-6[Output_UOM],Vitamin B-6[Derivation_Code],Methionine[Output_Value],Methionine[Output_UOM],Methionine[Derivation_Code],"Carotene, beta[Output_Value]","Carotene, beta[Output_UOM]","Carotene, beta[Derivation_Code]",Pantothenic acid[Output_Value],Pantothenic acid[Output_UOM],Pantothenic acid[Derivation_Code],"Choline, total[Output_Value]","Choline, total[Output_UOM]","Choline, total[Derivation_Code]","Manganese, Mn[Output_Value]","Manganese, Mn[Output_UOM]","Manganese, Mn[Derivation_Code]","18:3 n-3 c,c,c (ALA)[Output_Value]","18:3 n-3 c,c,c (ALA)[Output_UOM]","18:3 n-3 c,c,c (ALA)[Derivation_Code]",Ribose[Output_Value],Ribose[Output_UOM],Ribose[Derivation_Code],Vitamin D3 (cholecalciferol)[Output_Value],Vitamin D3 (cholecalciferol)[Output_UOM],Vitamin D3 (cholecalciferol)[Derivation_Code],"Chlorine, Cl[Output_Value]","Chlorine, Cl[Output_UOM]","Chlorine, Cl[Derivation_Code]",Glucose (dextrose)[Output_Value],Glucose (dextrose)[Output_UOM],Glucose (dextrose)[Derivation_Code],"Vitamin A, IU[Output_Value]","Vitamin A, IU[Output_UOM]","Vitamin A, IU[Derivation_Code]","Sugars, added[Output_Value]","Sugars, added[Output_UOM]","Sugars, added[Derivation_Code]","Molybdenum, Mb[Output_Value]","Molybdenum, Mb[Output_UOM]","Molybdenum, Mb[Derivation_Code]",Fructose[Output_Value],Fructose[Output_UOM],Fructose[Derivation_Code],Tryptophan[Output_Value],Tryptophan[Output_UOM],Tryptophan[Derivation_Code],"Carbohydrate, other[Output_Value]","Carbohydrate, other[Output_UOM]","Carbohydrate, other[Derivation_Code]",Folic acid[Output_Value],Folic acid[Output_UOM],Folic acid[Derivation_Code],Vitamin K (phylloquinone)[Output_Value],Vitamin K (phylloquinone)[Output_UOM],Vitamin K (phylloquinone)[Derivation_Code],"Fatty acids, total polyunsaturated[Output_Value]","Fatty acids, total polyunsaturated[Output_UOM]","Fatty acids, total polyunsaturated[Derivation_Code]","Folate, DFE[Output_Value]","Folate, DFE[Output_UOM]","Folate, DFE[Derivation_Code]",12:0[Output_Value],12:0[Output_UOM],12:0[Derivation_Code],"Chromium, Cr[Output_Value]","Chromium, Cr[Output_UOM]","Chromium, Cr[Derivation_Code]","Iron, Fe[Output_Value]","Iron, Fe[Output_UOM]","Iron, Fe[Derivation_Code]",Proline[Output_Value],Proline[Output_UOM],Proline[Derivation_Code],"Calcium, Ca[Output_Value]","Calcium, Ca[Output_UOM]","Calcium, Ca[Derivation_Code]",18:2 undifferentiated[Output_Value],18:2 undifferentiated[Output_UOM],18:2 undifferentiated[Derivation_Code],Starch[Output_Value],Starch[Output_UOM],Starch[Derivation_Code],"Fatty acids, total monounsaturated[Output_Value]","Fatty acids, total monounsaturated[Output_UOM]","Fatty acids, total monounsaturated[Derivation_Code]","Copper, Cu[Output_Value]","Copper, Cu[Output_UOM]","Copper, Cu[Derivation_Code]",Ash[Output_Value],Ash[Output_UOM],Ash[Derivation_Code],Glycine[Output_Value],Glycine[Output_UOM],Glycine[Derivation_Code],"Fatty acids, total saturated[Output_Value]","Fatty acids, total saturated[Output_UOM]","Fatty acids, total saturated[Derivation_Code]",Total lipid (fat)[Output_Value],Total lipid (fat)[Output_UOM],Total lipid (fat)[Derivation_Code],Inulin[Output_Value],Inulin[Output_UOM],Inulin[Derivation_Code],"Zinc, Zn[Output_Value]","Zinc, Zn[Output_UOM]","Zinc, Zn[Derivation_Code]","Iodine, I[Output_Value]","Iodine, I[Output_UOM]","Iodine, I[Derivation_Code]",allergy_eggs_milk,allergy_soy_peanuts,allergy_treenuts,allergy_fish_shellfish,allergy_wheat,has_fruits,has_vegetable,has_nuts,has_egg,has_chicken,has_pork,has_beef,has_lamp,has_seafood
45321340,BTY CRK FRT GUSHERS FRT FLVRD SNCKS TROPICAL,GDSN,2018-04-26 09:51:14,"CORN SYRUP, SUGAR, PEAR PUREE CONCENTRATE, FRUCTOSE, MODIFIED CORN STARCH, MALTODEXTRIN, PALM OIL, GLYCERIN. CONTAINS 2% OR LESS OF: COTTONSEED OIL, GRAPE JUICE CONCENTRATE, CARRAGEENAN, CITRIC ACID, MONOGLYCERIDES, SODIUM CITRATE, MALIC ACID, VITAMIN C (ASCORBIC ACID), NATURAL FLAVOR, POTASSIUM CITRATE, AGAR-AGAR, XANTHAN GUM, COLOR (RED 40, BLUE 1, YELLOWS 5 & 6).",26.0,g,1.0,pouch (25g),UNPREPARED,,,,,,,,,,76.92,g,LCSA,,,,,,,173.0,mg,LCSA,,,,,,,,,,,,,0.0,g,LCCD,,,,,,,,,,,,,,,,,,,0.0,mg,LCCD,,,,,,,,,,0.0,g,LCSA,,,,,,,,,,,,,,,,,,,,,,38.46,g,LCSA,,,,,,,23.1,mg,LCCD,,,,,,,,,,,,,,,,,,,,,,,,,,,,,,,,,,0.0,g,LCSA,,,,,,,,,,,,,,,,,,,,,,,,,,,,,,,,,,,,,,,,,,,,,,,,,,,,,,,,,,,,,,,,,,,0.0,IU,LCCD,,,,,,,,,,,,,,,,,,,,,,,,,,,,,,,,,,0.0,mg,LCCD,,,,0.0,mg,LCCD,,,,,,,,,,,,,,,,,,,1.92,g,LCSA,5.77,g,LCSA,,,,,,,,,,False,False,False,False,False,True,True,False,False,False,False,False,False,False
45112319,"SIMPLE TRUTH ORGANIC, HEARTS OF ROMAINE",LI,2017-06-25 11:25:49,ORGANIC GREEN ROMAINE.,85.0,g,3.0,ONZ,,,,,,,,,,,3.53,g,LCCS,,,,,,,6.0,mg,LCCS,,,,,,,,,,,,,2.4,g,LCCS,,,,,,,,,,,,,,,,,,,0.0,mg,LCCD,,,,,,,,,,0.0,g,LCCS,,,,,,,,,,,,,,,,,,,,,,1.18,g,LCCS,,,,,,,4.2,mg,LCCD,,,,,,,,,,,,,,,,,,,,,,,,,,,,,,,,,,1.18,g,LCCS,,,,,,,18.0,kcal,LCCS,,,,,,,,,,,,,,,,,,,,,,,,,,,,,,,,,,,,,,,,,,,,,,,,,,,,,,,,,,8824.0,IU,LCCD,,,,,,,,,,,,,,,,,,,,,,,,,,,,,,,,,,0.85,mg,LCCD,,,,24.0,mg,LCCD,,,,,,,,,,,,,,,,,,,0.0,g,LCCD,0.0,g,LCCD,,,,,,,,,,False,False,False,False,False,False,False,False,False,False,False,False,False,False
45204280,THAI RED CURRY SKILLET SAUCE,LI,2017-07-14 18:14:17,"COCONUT MILK, WATER, GARLIC, DRIED RED CHILI, SHALLOT, LEMONGRASS, GALANGAL, CORIANDER ROOT, KAFFIR LIME LEAF, SALT, SUGAR, PALM OIL, PALM SUGAR, CORIANDER SEED, CUMIN, SWEET BASIL, RED CHILI (MODIFIED STARCH (E1442), FISH SAUCE (ANCHOVY, SALT, SUGAR, ACETIC ACID), PAPRIKA.",60.0,ml,0.25,cup,,,,,,,,,,,6.67,g,LCCS,,,,,,,495.0,mg,LCCS,,,,,,,,,,,,,0.0,g,LCCD,,,,,,,,,,,,,,,,,,,0.0,mg,LCCD,,,,,,,,,,,,,,,,,,,,,,,,,,,,,,,,,,3.33,g,LCCS,,,,,,,0.0,mg,LCCD,,,,,,,,,,,,,,,,,,,,,,,,,,,,,,,,,,1.67,g,LCCS,,,,,,,288.0,kcal,LCCS,,,,,,,,,,,,,,,,,,,,,,,,,,,,,,,,,,,,,,,,,,,,,,,,,,,,,,,,,,0.0,IU,LCCD,,,,,,,,,,,,,,,,,,,,,,,,,,,,,,,,,,0.0,mg,LCCD,,,,0.0,mg,LCCD,,,,,,,,,,,,,,,,,,,13.33,g,LCCS,26.67,g,LCCS,,,,,,,,,,True,False,False,True,False,True,True,False,True,False,False,False,False,True
45354055,ROASTED CORN,LI,2018-03-02 22:57:35,"FIRE ROASTED CORN, CORN, CARAMELIZED ONIONS (ONIONS, CONTAINS 2% OR LESS OF SOYBEAN OIL), GARLIC, SOYBEAN OIL, CILANTRO, SEA SALT, LIME JUICE, SMOKED PAPRIKA, GROUND CHIPOTLE PEPPER, NATURAL BUTTER FLAVOR.",83.0,g,0.5,cup,,,,,,,,,,,19.28,g,LCCS,,,,,,,265.0,mg,LCCS,,,,,,,,,,,,,1.2,g,LCCS,,,,265.0,mg,LCCS,,,,,,,,,,,,,0.0,mg,LCCD,,,,,,,,,,0.0,g,LCCS,,,,,,,,,,,,,,,,,,,,,,4.82,g,LCCS,,,,,,,,,,,,,,,,,,,,,,,,,,,,,,,,,,,,,,,,0.0,IU,LCCD,3.61,g,LCCS,,,,,,,84.0,kcal,LCCS,,,,,,,,,,,,,,,,,,,,,,,,,,,,,,,,,,,,,,,,,,,,,,,,,,,,,,,,,,,,,,,,,,,,,,,,,,,,,,,,,,,,,,,,,,,,,,0.36,mg,LCCS,,,,0.0,mg,LCCD,,,,,,,,,,,,,,,,,,,0.6,g,LCCS,3.61,g,LCCS,,,,,,,,,,True,True,False,False,False,True,True,False,True,False,False,False,False,False
45003379,ITALIAN SEASONED CROUTONS,LI,2017-09-20 23:01:47,"ENRICHED FLOUR (WHEAT FLOUR, MALTED BARLEY FLOUR, NIACIN, REDUCED IRON, THIAMIN MONONITRATE, RIBOFLAVIN, FOLIC ACID), CANOLA AND/OR SUNFLOWER OIL, YEAST, 2% OR LESS OF HIGH FRUCTOSE CORN SYRUP, SALT, WHEY, MALTODEXTRIN, GARLIC POWDER, HYDROLYZED CORN SOY WHEAT GLUTEN PROTEIN, NATURAL FLAVOR (MILK), CORN SYRUP SOLIDS, PARSLEY*, WHEAT GLUTEN, CALCIUM PROPIONATE (PRESERVATIVE), CALCIUM PEROXIDE, CALCIUM SULFATE, ASCORBIC ACID, AZODICARBONAMIDE, SODIUM STEAROYL LACTYLATE, ROMANO CHEESE SOLIDS FROM COW'S MILK (PART SKIM MILK, CHEESE CULTURES, SALT, ENZYMES), PAPRIKA (COLOR), CARAMEL COLOR, EXTRACTIVE OF PAPRIKA (COLOR), OIL OF ONION, CITRIC ACID, TBHQ (TO PRESERVE FRESHNESS).",7.0,g,2.0,Tbsp,,,,,,,,,,,71.43,g,LCCS,,,,,,,1143.0,mg,LCCS,,,,,,,,,,,,,0.0,g,LCCD,,,,,,,,,,,,,,,,,,,0.0,mg,LCCD,,,,,,,,,,0.0,g,LCCS,,,,,,,,,,,,,,,,,,,,,,0.0,g,LCCS,,,,,,,0.0,mg,LCCD,,,,,,,,,,,,,,,,,,,,,,,,,,,,,,,,,,14.29,g,LCCS,,,,,,,429.0,kcal,LCCS,,,,,,,,,,,,,,,,,,,,,,,,,,,,,,,,,,,,,,,,,,,,,,,,,,,,,,,,,,0.0,IU,LCCD,,,,,,,,,,,,,,,,,,,,,,,,,,,,,,,,,,5.14,mg,LCCD,,,,0.0,mg,LCCD,,,,,,,,,,,,,,,,,,,0.0,g,LCCD,14.29,g,LCCS,,,,,,,,,,True,True,False,False,True,False,True,False,True,False,False,False,False,False
45064590,SHELLS & WHITE CHEDDAR CHEESE DINNER,LI,2018-05-16 17:24:39,"ORGANIC MACARONI PRODUCT (ORGANIC DURUM WHEAT SEMOLINA), ORGANIC CHEESE SAUCE MIX (ORGANIC WHEAT FLOUR, ORGANIC CHEDDAR CHEESE [PASTEURIZED ORGANIC MILK, SALT, CHEESE CULTURES, MICROBIAL ENZYMES], ORGANIC WHEAT STARCH, SALT, ORGANIC WHEY [MILK], NATURAL FLAVORS, CITRIC ACID).",70.0,g,0.5,CUP MACARONI AND 1-1/2 TBSP DRY CHEESE MIX) (MAKES ABOUT 1 CUP PREPARED) | ABOUT,,,,,,,,,,,71.43,g,LCCS,,,,,,,786.0,mg,LCCS,,,,,,,,,,,,,2.9,g,LCCS,,,,229.0,mg,LCCS,,,,,,,,,,,,,7.0,mg,LCSL,,,,,,,,,,0.0,g,LCCS,,,,,,,,,,,,,,,,,,,,,,4.29,g,LCCS,,,,,,,,,,,,,,,,,,,,,,,,,,,,,,,,,,,,,,,,0.0,IU,LCCD,12.86,g,LCCS,,,,,,,357.0,kcal,LCCS,,,,,,,,,,,,,,,,,,,,,,,,,,,,,,,,,,,,,,,,,,,,,,,,,,,,,,,,,,,,,,,,,,,,,,,,,,,,,,,,,,0.0,g,LCCS,,,,,,,,,,1.14,mg,LCCS,,,,64.0,mg,LCCS,,,,,,,0.0,g,LCCS,,,,,,,,,,0.71,g,LCCS,2.86,g,LCCS,,,,,,,,,,True,False,False,False,True,True,True,False,True,False,False,False,False,False
45054902,RESTAURANT STYLE TORTILLA CHIPS,LI,2018-04-11 09:57:50,"WHITE CORN, VEGETABLE OIL (CONTAINS ONE OR MORE OF THE FOLLOWING: CORN, COTTONSEED, OR SUNFLOWER OIL), TOASTED CORN GERM, SALT. ",28.0,g,8.0,CHIPS | ABOUT,,,,,,,,,,,64.29,g,LCCS,,,,,,,357.0,mg,LCCS,,,,,,,,,,,,,7.1,g,LCCS,,,,,,,,,,,,,,,,,,,0.0,mg,LCCD,,,,,,,,,,0.0,g,LCCS,,,,,,,,,,,,,,,,,,,,,,0.0,g,LCCS,,,,,,,0.0,mg,LCCD,,,,,,,,,,,,,,,,,,,,,,,,,,,,,,,,,,7.14,g,LCCS,,,,,,,500.0,kcal,LCCS,,,,,,,,,,,,,,,,,,,,,,,,,,,,,,,,,,,,,,,,,,,,,,,,,,,,,,,,,,0.0,IU,LCCD,,,,,,,,,,,,,,,,,,,,,,14.29,g,LCCS,,,,,,,,,,2.57,mg,LCCD,,,,0.0,mg,LCCD,,,,,,,3.57,g,LCCS,,,,,,,,,,5.36,g,LCCS,25.0,g,LCCS,,,,,,,,,,False,False,False,False,False,False,True,False,False,False,False,False,False,False
45376169,NABISCO BELVITA COOKIES PEANUT BUTTER 1X1.76 OZ,GDSN,2018-05-17 08:18:45,"INGREDIENTS: WHOLE GRAIN BLEND (CRACKED BUCKWHEAT, ROLLED OATS, RYE FLAKES), ENRICHED BLEACHED FLOUR [WHEAT FLOUR, NIACIN, REDUCED IRON, THIAMIN MONONITRATE (VITAMIN B1), RIBOFLAVIN (VITAMIN B2), FOLIC ACID], SUGAR, WHOLE GRAIN WHEAT FLOUR, PEANUT BUTTER (PEANUTS, CORN SYRUP SOLIDS, HYDROGENATED RAPESEED AND/OR COTTONSEED AND/OR SOYBEAN OILS, SALT AND PEANUT OIL), CANOLA OIL, POLYDEXTROSE, RAISIN PASTE, WHEAT STARCH, GLYCERIN, INVERT SUGAR, PEANUT OIL, MOLASSES, BAKING SODA, SOY LECITHIN, SALT, FERRIC ORTHOPHOSPHATE (IRON), NATURAL FLAVOR, NIACINAMIDE, PYRIDOXINE HYDROCHLORIDE (VITAMIN B6), RIBOFLAVIN (VITAMIN B2), THIAMIN MONONITRATE (VITAMIN B1). TREE NUTS.",,,,,,,,,,,,,,,,,,,,,,,,,,,,,,,,,,,,,,,,,,,,,,,,,,,,,,,,,,,,,,,,,,,,,,,,,,,,,,,,,,,,,,,,,,,,,,,,,,,,,,,,,,,,,,,,,,,,,,,,,,,,,,,,,,,,,,,,,,,,,,,,,,,,,,,,,,,,,,,,,,,,,,,,,,,,,,,,,,,,,,,,,,,,,,,,,,,,,,,,,,,,,,,,,,,,,,,,,,,,,,,,,,,,,,,,,,,,,,,,,,,,,,,,,,,,,,,,,,,,,,,,,,,,,,,,,,,,,,,,,,,,,,,,True,True,True,False,True,True,True,True,True,False,False,False,False,False
45065642,50/50 MIX,LI,2018-06-02 03:58:32,"ORGANIC BABY SPINACH, ORGANIC BABY LETTUCES (ORGANIC GREEN ROMAINE, ORGANIC RED ROMAINE, ORGANIC RED OAK, ORGANIC GREEN OAK, ORGANIC TANGO, ORGANIC LOLLA ROSSA, ORGANIC RED LEAF, ORGANIC GREEN LEAF), ORGANIC BABY GREENS (ORGANIC MIZUNA, ORGANIC ARUGULA, ORGANIC TATSOI, ORGANIC MACHE, ORGANIC RED CHARD, ORGANIC GREEN CHARD, ORGANIC KALE, ORGANIC ENDIVE), ORGANIC RADICCHIO. INGREDIENTS MAY VARY.",85.0,g,3.0,CUPS) | (ABOUT,,,,,,,,,,,3.53,g,LCCS,,,,,,,94.0,mg,LCCS,,,,,,,,,,,,,2.4,g,LCCS,,,,506.0,mg,LCCS,,,,,,,,,,,,,0.0,mg,LCCD,,,,141.0,mcg,LCCD,,,,0.0,g,LCCS,,,,,,,,,,,,,,,,,,,,,,0.0,g,LCCS,,,,,,,17.6,mg,LCCD,,,,,,,,,,,,,,,,,,,,,,,,,,,,,,,,,,2.35,g,LCCS,,,,,,,24.0,kcal,LCCS,,,,,,,,,,,,,,,,,,,,,,,,,,,,,,,,,,,,,,,,1.0,mg,LCCD,,,,,,,,,,,,,,,,7059.0,IU,LCCD,,,,,,,,,,,,,,,,,,,263.5,mcg,LCCD,,,,,,,,,,,,,1.69,mg,LCCD,,,,71.0,mg,LCCD,,,,,,,,,,,,,,,,,,,0.0,g,LCCD,0.0,g,LCCD,,,,,,,,,,False,False,False,False,False,False,True,False,False,False,False,False,False,False
45281199,DRESSING,LI,2017-07-14 20:35:29,"SOYBEAN OIL, WATER, VINEGAR, BALSAMIC VINEGAR, SUGAR, EXTRA VIRGIN OLIVE OIL, CONTAINS LESS THAN 2% OF: SALT, DRIED GARLIC, PARMESAN AND ROMANO CHEESES (PART-SKIM MILK, CHEESE CULTURES, SALT, ENZYMES), GARLIC, SPICES, DRIED ONION, DRIED RED BELL PEPPERS, XANTHAN GUM, DRIED CARROTS, CITRIC ACID, POTASSIUM SORBATE AND CALCIUM DISODIUM EDTA AS PRESERVATIVES.",30.0,ml,2.0,Tbsp,,,,,,,,,,,6.67,g,LCCS,,,,,,,733.0,mg,LCCS,,,,,,,,,,,,,0.0,g,LCCD,,,,,,,,,,,,,,,,,,,0.0,mg,LCCD,,,,,,,,,,0.0,g,LCCS,,,,,,,,,,,,,,,,,,,,,,3.33,g,LCCS,,,,,,,0.0,mg,LCCD,,,,,,,,,,,,,,,,,,,,,,,,,,,,,,,,,,0.0,g,LCCS,,,,,,,400.0,kcal,LCCS,,,,,,,,,,,,,,,,,,,,,,,,,,,,,,,,,,,,,,,,,,,,,,,,,,,,,,,,,,0.0,IU,LCCD,,,,,,,,,,,,,,,,,,,,,,,,,,,,,,,,,,0.0,mg,LCCD,,,,0.0,mg,LCCD,,,,,,,,,,,,,,,,,,,6.67,g,LCCS,43.33,g,LCCS,,,,,,,,,,True,True,False,False,False,True,True,False,True,False,False,False,False,False
45202422,SOUTHWEST GRILL,LI,2017-10-11 16:52:45,"MIXED GREENS, CHICKEN, RANCH DRESSING (BUTTERMILK [CULTURED LOW-FAT MILK, NONFAT DRY MILK, SALT], MAYONNAISE [SOYBEAN OIL, WHOLE EGG AND EGG YOLKS, WATER, DISTILLED VINEGAR], RANCH DRESSING MIX [SALT, MONOSODIUM GLUTAMATE, MALTODEXTRIN, DEHYDRATED PARSLEY, GARLIC POWDER, ONION POWDER, CANOLA OIL, CARRAGEENAN, BUTTERMILK PRODUCT, TURMERIC ], CALCIUM STEARATE), TOMATO, CORN, BLACK BEANS, CHEDDAR CHEESE (PASTEURIZED MILK, CHEESE CULTURE, SALT, ENZYMES, ANNATTO), JALAPENOS, TORTILLA STRIPS (CORN MASA FLOUR, SUNFLOWER, SAFFLOWER, CANOLA AND/OR CORN OIL, SALT, RED 40, BLUE 1.",344.0,g,344.0,GRM,,,,,,,,,,,7.27,g,LCCS,,,,,,,311.0,mg,LCCS,,,,,,,,,,,,,1.5,g,LCCS,,,,,,,,,,,,,,,,,,,23.0,mg,LCCS,,,,,,,,,,0.0,g,LCCS,,,,,,,,,,,,,,,,,,,,,,1.16,g,LCCS,,,,,,,3.5,mg,LCCD,,,,,,,,,,,,,,,,,,,,,,,,,,,,,,,,,,7.56,g,LCCS,,,,,,,186.0,kcal,LCCS,,,,,,,,,,,,,,,,,,,,,,,,,,,,,,,,,,,,,,,,,,,,,,,,,,,,,,,,,,116.0,IU,LCCD,,,,,,,,,,,,,,,,,,,,,,,,,,,,,,,,,,0.52,mg,LCCD,,,,17.0,mg,LCCD,,,,,,,,,,,,,,,,,,,2.62,g,LCCS,12.5,g,LCCS,,,,,,,,,,True,True,False,False,False,False,True,False,True,True,False,False,False,False
45086783,"KROGER, GRILL TIME, STEAK SEASONING",LI,2017-07-14 20:17:32,"SALT, SPICES (BLACK PEPPER, DILL SEED, CORIANDER SEED, RED PEPPER), GARLIC*, PARTIALLY HYDROGENATED SOYBEAN AND/OR COTTONSEED OIL, EXTRACTIVE OF DILL, EXTRACTIVE OF PAPRIKA (FOR COLOR), SILICON DIOXIDE (ANTICAKING AGENT).",0.8,g,0.25,tsp,,,,,,,,,,,0.0,g,LCCD,,,,,,,18750.0,mg,LCCS,,,,,,,,,,,,,,,,,,,,,,,,,,,,,,,,,,,,,,,,,,,,,,,,,,,,,,,,,,,,,,,,,,,,,,,,,,,,,,,,,,,,,,,,,,,,,,,,,,,,,,,,,,,,,,,,,,,0.0,g,LCCD,,,,,,,0.0,kcal,LCCS,,,,,,,,,,,,,,,,,,,,,,,,,,,,,,,,,,,,,,,,,,,,,,,,,,,,,,,,,,,,,,,,,,,,,,,,,,,,,,,,,,,,,,,,,,,,,,,,,,,,,,,,,,,,,,,,,,,,,,,,,,,,0.0,g,LCCD,,,,,,,,,,False,True,False,False,False,False,True,False,False,False,False,False,False,False
45161743,"OH SUGAR!, SOUR GUMMY BEARS",LI,2017-07-14 17:47:53,"CORN SYRUP, SUGAR FROM BEETS, WATER, GELATIN, SORBITOL FROM FRUITS & VEGETABLES, CITRIC LACTIC, FD&C YELLOW #5, #6,BLUE #1, RED #40, TITANIUM DIOXIDE, NATURAL & ARTIFICIAL FLAVORS.",40.0,g,40.0,GRM,,,,,,,,,,,75.0,g,LCCS,,,,,,,25.0,mg,LCCS,,,,,,,,,,,,,0.0,g,LCCD,,,,,,,,,,,,,,,,,,,0.0,mg,LCCD,,,,,,,,,,0.0,g,LCCS,,,,,,,,,,,,,,,,,,,,,,47.5,g,LCCS,,,,,,,0.0,mg,LCCD,,,,,,,,,,,,,,,,,,,,,,,,,,,,,,,,,,5.0,g,LCCS,,,,,,,300.0,kcal,LCCS,,,,,,,,,,,,,,,,,,,,,,,,,,,,,,,,,,,,,,,,,,,,,,,,,,,,,,,,,,0.0,IU,LCCD,,,,,,,,,,,,,,,,,,,,,,,,,,,,,,,,,,0.0,mg,LCCD,,,,0.0,mg,LCCD,,,,,,,,,,,,,,,,,,,0.0,g,LCCD,0.0,g,LCCD,,,,,,,,,,False,False,False,False,False,True,True,False,False,False,False,False,False,False
45091607,"ORTEGA, ORIGINAL THICK & SMOOTH TACO SAUCE, MEDIUM",LI,2018-03-11 07:34:48,"TOMATO PUREE (WATER, TOMATO PASTE), WATER, CORN SYRUP, DISTILLED VINEGAR, SALT, MODIFIED CORN STARCH, SPICES, PAPRIKA, CITRIC ACID, GREEN CHILI POWDER, SODIUM BENZOATE (TO PRESERVE FRESHNESS), XANTHAN GUM, ONION POWDER.",16.0,g,1.0,Tbsp,,,,,,,,,,,12.5,g,LCCS,,,,,,,688.0,mg,LCCS,,,,,,,,,,,,,,,,,,,,,,,,,,,,,,,,,,,,,,,,,,,,,,,,,,,,,,,,,,,,,,,,,,,,,,6.25,g,LCCS,,,,,,,7.5,mg,LCCD,,,,,,,,,,,,,,,,,,,,,,,,,,,,,,,,,,0.0,g,LCCS,,,,,,,62.0,kcal,LCCS,,,,,,,,,,,,,,,,,,,,,,,,,,,,,,,,,,,,,,,,,,,,,,,,,,,,,,,,,,,,,,,,,,,,,,,,,,,,,,,,,,,,,,,,,,,,,,,,,,,,,,,,,,,,,,,,,,,,,,,,,,,,0.0,g,LCCD,,,,,,,,,,False,False,False,False,False,False,True,False,False,False,False,False,False,False
45374146,SLICED CARROTS,LI,2018-06-02 17:20:26,"CARROTS, WATER.",120.0,g,1.0,cup,,,,,,,,,,,5.0,g,LCCS,,,,,,,46.0,mg,LCCS,,,,,,,,,,,,,1.7,g,LCCS,,,,75.0,mg,LCCS,,,,,,,,,,,,,0.0,mg,LCCD,,,,,,,,,,0.0,g,LCCS,,,,,,,,,,,,,,,,,,,,,,3.33,g,LCCS,,,,,,,0.0,mg,LCCD,,,,,,,,,,,,,,,,,,,,,,,,,,,,,,,,,,0.83,g,LCSL,,,,,,,25.0,kcal,LCCS,,,,,,,,,,,,,,,,,,,,,,,,,,,,,,,,,,,,,,,,,,,,,,,,,,,,,,,,,,6250.0,IU,LCCD,,,,,,,,,,,,,,,,,,,,,,,,,,,,,,,,,,0.0,mg,LCCD,,,,0.0,mg,LCCD,,,,,,,,,,,,,,,,,,,0.0,g,LCCD,0.0,g,LCCD,,,,,,,,,,False,False,False,False,False,False,True,False,False,False,False,False,False,False
45130031,Tuttorosso Blue 35oz. 1.045 Puree w/ Basil,GDSN,2018-04-26 10:18:14,"Tomato Puree (Water, Tomato Paste), Citric Acid, Basil.",63.0,g,0.25,Cup,UNPREPARED,,,,,,,,,,7.94,g,LCSA,,,,,,,24.0,mg,LCSA,,,,,,,,,,,,,1.6,g,LCSA,,,,317.0,mg,LCSA,,,,,,,,,,,,,0.0,mg,LCCD,,,,,,,,,,0.0,g,LCSA,,,,,,,,,,,,,,,,,,,,,,4.76,g,LCSA,,,,,,,1.9,mg,LCCD,,,,,,,,,,,,,,,,,,,,,,,,,,,,,,,,,,1.59,g,LCSA,,,,,,,32.0,kcal,LCSA,,,,,,,,,,,,,,,,,,,,,,,,,,,,,,,,,,,,,,,,,,,,,,,,,,,,,,,,,,476.0,IU,LCCD,,,,,,,,,,,,,,,,,,,,,,,,,,,,,,,,,,0.57,mg,LCCD,,,,0.0,mg,LCCD,,,,,,,,,,,,,,,,,,,0.0,g,LCCD,0.0,g,LCCD,,,,,,,,,,False,False,False,False,False,False,True,False,False,False,False,False,False,False
45272686,BLUEBERRY FLAVORED MARSHMALLOW,LI,2017-07-14 20:12:28,"MARSHMALLOW: SUGAR, CORN SYRUP, GELATIN, FUMARIC ACID, CONTAINS LESS THAN 0.5% OF THE FOLLOWING: CITRIC ACID, NATURAL AND ARTIFICIAL FLAVORS, GUM ARABIC, POTASSIUM SORBATE (A PRESERVATIVE), YELLOW #5 (TARTRAZINE), BLUE #1, CARNAUBA WAX. DARK CHOCOLATE: SUGAR, CHOCOLATE LIQUOR-PROCESSED WITH ALKALI, COCOA BUTTER, MILK FAT, SOY LECITHIN-AN EMULSIFIER, NATURAL AND ARTIFICIAL FLAVORS.",42.0,g,3.0,CHICKS,,,,,,,,,,,73.81,g,LCCS,,,,,,,24.0,mg,LCCS,,,,,,,,,,,,,2.4,g,LCSL,,,,,,,,,,,,,,,,,,,0.0,mg,LCCD,,,,,,,,,,0.0,g,LCCS,,,,,,,,,,,,,,,,,,,,,,66.67,g,LCCS,,,,,,,0.0,mg,LCCD,,,,,,,,,,,,,,,,,,,,,,,,,,,,,,,,,,2.38,g,LCCS,,,,,,,357.0,kcal,LCCS,,,,,,,,,,,,,,,,,,,,,,,,,,,,,,,,,,,,,,,,,,,,,,,,,,,,,,,,,,0.0,IU,LCCD,,,,,,,,,,,,,,,,,,,,,,,,,,,,,,,,,,0.86,mg,LCCD,,,,0.0,mg,LCCD,,,,,,,,,,,,,,,,,,,4.76,g,LCCS,8.33,g,LCCS,,,,,,,,,,True,True,False,False,False,False,True,False,True,True,False,False,False,False
45272687,LIGHT NONFAT YOGURT,LI,2018-01-19 23:45:36,"CULTURED PASTEURIZED GRADE A NONFAT MILK, SUGAR, FRUCTOSE, MODIFIED CORNSTARCH, KOSHER GELATIN, NONFAT MILK SOLIDS, NATURAL FLAVORS, CITRIC ACID, TRICALCIUM PHOSPHATE, POTASSIUM SORBATE (TO MAINTAIN FRESHNESS), SODIUM CITRATE, SODIUM BENZOATE (TO MAINTAIN FRESHNESS), CARAMEL COLOR, SUCRALOSE, ACESULFAME POTASSIUM, TUMERIC (COLOR), VITAMIN A PALMITATE, VITAMIN D3. CONTAINS ACTIVE YOGURT CULTURES WITH L. BULGARICUS, S. THERMOPHILUS, BIFIDOBACTERIUM BB-12, L. ACIDOPHILUS, L CASEI.",170.0,g,1.0,CONTAINER,,,,,,,,,,,11.18,g,LCCS,,,,,,,47.0,mg,LCCS,,,,,,,,,,,,,0.0,g,LCCD,,,,135.0,mg,LCCS,,,,,,,,,,,,,3.0,mg,LCCS,,,,,,,,,,0.0,g,LCCS,,,,,,,,,,,,,,,,,,,,,,8.82,g,LCCS,,,,,,,0.0,mg,LCCD,,,,,,,,,,,,,,,,,,,,,,,,,,,,,,,47.0,IU,LCCD,3.53,g,LCCS,,,,,,,59.0,kcal,LCCS,,,,,,,,,,,,,,,,,,,,,,,,,,,,,,,,,,,,,,,,,,,,,,,,,,,,,,,,,,441.0,IU,LCCD,,,,,,,,,,,,,,,,,,,,,,,,,,,,,,,,,,0.0,mg,LCCD,,,,147.0,mg,LCCD,,,,,,,,,,,,,,,,,,,0.0,g,LCCD,0.0,g,LCCD,,,,,,,,,,True,False,False,False,False,False,True,False,True,False,False,False,False,False
45098389,"SANTIAM, FRENCH STYLE SLICED GREEN BEANS",LI,2017-07-14 20:24:17,GREEN BEANS WATER AND SALT,120.0,g,0.5,cup,,,,,,,,,,,4.17,g,LCCS,,,,,,,225.0,mg,LCCS,,,,,,,,,,,,,0.8,g,LCCS,,,,,,,,,,,,,,,,,,,0.0,mg,LCCD,,,,,,,,,,0.0,g,LCCS,,,,,,,,,,,,,,,,,,,,,,0.83,g,LCCS,,,,,,,0.0,mg,LCCD,,,,,,,,,,,,,,,,,,,,,,,,,,,,,,,,,,0.0,g,LCCS,,,,,,,21.0,kcal,LCCS,,,,,,,,,,,,,,,,,,,,,,,,,,,,,,,,,,,,,,,,,,,,,,,,,,,,,,,,,,167.0,IU,LCCD,,,,,,,,,,,,,,,,,,,,,,,,,,,,,,,,,,0.3,mg,LCCD,,,,0.0,mg,LCCD,,,,,,,,,,,,,,,,,,,0.0,g,LCCD,0.0,g,LCCD,,,,,,,,,,False,True,False,False,False,False,True,False,False,False,False,False,False,False
45098382,"MELISSA'S, RED QUINOA",LI,2017-07-14 20:24:17,ORGANIC QUINOA.,43.0,g,0.25,cup,,,,,,,,,,,65.12,g,LCCS,,,,,,,0.0,mg,LCCD,,,,,,,,,,,,,7.0,g,LCCS,,,,,,,,,,,,,,,,,,,0.0,mg,LCCD,,,,,,,,,,0.0,g,LCCS,,,,,,,,,,,,,,,,,,,,,,0.0,g,LCCS,,,,,,,0.0,mg,LCCD,,,,,,,,,,,,,,,,,,,,,,,,,,,,,,,,,,13.95,g,LCCS,,,,,,,372.0,kcal,LCCS,,,,,,,,,,,,,,,,,,,,,,,,,,,,,,,,,,,,,,,,,,,,,,,,,,,,,,,,,,0.0,IU,LCCD,,,,,,,,,,,,,,,,,,,,,,,,,,,,,,,,,,4.19,mg,LCCD,,,,47.0,mg,LCCD,,,,,,,,,,,,,,,,,,,0.0,g,LCCD,5.81,g,LCCS,,,,,,,,,,False,False,False,False,False,False,False,False,False,False,False,False,False,False
45090551,HIGH PROTEIN BAR,LI,2018-04-05 15:56:00,"SOY PROTEIN ISOLATE, ORGANIC CANE SYRUP, ORGANIC DRIED CANE SYRUP, CHICORY FIBER SYRUP, PALM KERNEL OIL, VEGETABLE GLYCERIN, MACADAMIA NUT BUTTER, COCOA++, NATURAL FLAVORS, WHEY PROTEIN CONCENTRATE, ORGANIC BROWN RICE SYRUP, SALT, ORGANIC COCOA BUTTER++, SOY LECITHIN, RICE STARCH, ORGANIC VANILLA EXTRACT, ORGANIC SOY LECITHIN. VITAMINS & MINERALS: DICALCIUM PHOSPHATE, CALCIUM CARBONATE, ASCORBIC ACID (VIT. C), FERROUS FUMARATE (IRON), NIACINAMIDE (VIT. B3), DL-ALPHA TOCOPHERYL ACETATE (VIT. E), BETA CAROTENE (VIT. A), PYRIDOXINE HYDROCHLORIDE (VIT. B6), RIBOFLAVIN (VIT. B2), THIAMINE MONONITRATE (VIT. B1), ERGOCALCIFEROL (VIT. D2), FOLIC ACID, CYANOCOBALAMIN (VIT. B12).",45.0,g,1.0,BAR,,,,,,,,,,,48.89,g,LCCS,,,,,,,578.0,mg,LCCS,556.0,mg,LCCD,,,,,,,,,,6.7,g,LCCS,,,,256.0,mg,LCCS,,,,,,,,,,0.378,mg,LCCD,11.0,mg,LCSL,0.0,g,LCCS,133.0,mcg,LCCD,,,,0.0,g,LCCS,,,,,,,,,,4.444,mg,LCCD,0.0,mg,LCCD,,,,,,,33.33,g,LCCS,,,,,,,20.0,mg,LCCD,,,,,,,,,,,,,,,,,,,,,,,,,18.0,mg,LCCD,,,,133.0,IU,LCCD,26.67,g,LCCS,,,,1.33,mcg,LCCD,378.0,kcal,LCCS,,,,,,,,,,,,,,,,,,,,,,,,,0.444,mg,LCCD,,,,,,,,,,,,,,,,,,,,,,,,,,,,,,,1111.0,IU,LCCD,,,,,,,,,,,,,,,,,,,,,,0.0,g,LCCS,,,,,,,,,,12.0,mg,LCCD,,,,667.0,mg,LCCD,,,,,,,3.33,g,LCCS,,,,,,,,,,6.67,g,LCCS,11.11,g,LCCS,,,,,,,,,,True,True,False,False,False,False,True,False,True,False,False,False,False,False
45126894,FIBER CRISPY SNACK BAR,LI,2018-02-12 04:25:14,"PREMIER PROTEIN FIBER BAR PROTEIN BLEND (SOY PROTEIN ISOLATE, PARTIALLY HYDROLYZED MILK PROTEIN ISOLATE), INULIN, POLYDEXTROSE, SUGAR, PARTIALLY DEFATTED PEANUT FLOUR, PALM KERNEL OIL, GLYCERINE, CHOPPED DRY ROASTED PEANUTS, CORN SYRUP, MALTITOL SYRUP, TAPIOCA STARCH, CONTAINS 2% OR LESS OF THE FOLLOWING: PEANUT BUTTER (DRY ROASTED PEANUTS, PEANUT OIL), NONFAT MILK, FRACTIONATED PALM KERNEL OIL (PALM KERNEL OIL, SOY LECITHIN), NATURAL FLAVORS, SOY LECITHIN (AN EMULSIFIER), SALT, PEANUT OIL, WATER, GUAR GUM, MIXED TOCOPHEROLS, SUCRALOSE.",52.0,g,1.0,BAR,,,,,,,,,,,48.08,g,LCCS,,,,,,,462.0,mg,LCCS,,,,,,,,,,10.0,g,LCCS,13.5,g,LCCS,,,,221.0,mg,LCCS,,,,,,,,,,,,,0.0,mg,LCCD,,,,,,,,,,0.0,g,LCCS,,,,,,,,,,,,,,,,,,,,,,13.46,g,LCCS,,,,,,,0.0,mg,LCCD,,,,,,,,,,,,,,,,,,,,,,,,,,,,,,,,,,28.85,g,LCCS,,,,,,,385.0,kcal,LCCS,,,,,,,,,,,,,,,,,,,,,,,,,,,,,,,,,,,,,,,,,,,,,,,,,,,,,,,,,,0.0,IU,LCCD,,,,,,,,,,,,,,,,,,,,,,,,,,,,,,,,,,3.46,mg,LCCD,,,,154.0,mg,LCCD,,,,,,,,,,,,,,,,,,,7.69,g,LCCS,15.38,g,LCCS,,,,,,,,,,True,True,True,False,False,False,True,True,True,True,False,False,False,False
45139550,DARK BITTERSWEET CHOCOLATE BAKING CHIPS,LI,2017-07-14 20:12:38,"CHOCOLATE LIQUOR, SUGAR, COCOA BUTTER, BUTTERFAT (MILK), SOY LECITHIN, AND VANILLA.",15.0,g,1.0,Tbsp,,,,,,,,,,,53.33,g,LCCS,,,,,,,0.0,mg,LCCD,,,,,,,,,,,,,6.7,g,LCCS,,,,,,,,,,,,,,,,,,,0.0,mg,LCCD,,,,,,,,,,0.0,g,LCCS,,,,,,,,,,,,,,,,,,,,,,33.33,g,LCCS,,,,,,,0.0,mg,LCCD,,,,,,,,,,,,,,,,,,,,,,,,,,,,,,,,,,6.67,g,LCCS,,,,,,,533.0,kcal,LCCS,,,,,,,,,,,,,,,,,,,,,,,,,,,,,,,,,,,,,,,,,,,,,,,,,,,,,,,,,,0.0,IU,LCCD,,,,,,,,,,,,,,,,,,,,,,,,,,,,,,,,,,2.4,mg,LCCD,,,,0.0,mg,LCCD,,,,,,,,,,,,,,,,,,,23.33,g,LCCS,33.33,g,LCCS,,,,,,,,,,True,True,False,False,False,False,False,False,True,False,False,False,False,False
45370137,Tropicana Twister Strawberry Kiwi Cyclone Flavored Juice 20 Fluid Ounce Plastic Bottle,GDSN,2018-04-17 13:26:00,"INGREDIENTS: FILTERED WATER, HIGH FRUCTOSE CORN SYRUP, APPLE AND GRAPE JUICE CONCENTRATES, CITRIC ACID, ASCORBIC ACID (VITAMIN C), NATURAL AND ARTIFICIAL FLAVORS, STRAWBERRY JUICE CONCENTRATE AND RED 40.",600.0,ml,20.0,oz (591 mL) Per 8 fl oz                 (240 mL),UNPREPARED,,,,,,,,,,12.25,g,LCGA,,,,,,,0.0,mg,LCGA,,,,,,,,,,,,,0.0,g,LCGA,,,,8.0,mg,LCGA,,,,,,,,,,,,,0.0,mg,LCGA,,,,,,,,,,0.0,g,LCGA,,,,,,,,,,,,,,,,,,,,,,11.81,g,LCGA,,,,,,,45.1,mg,LCGA,,,,,,,,,,,,,,,,,,,,,,,,,,,,,,,,,,0.14,g,LCGA,,,,,,,,,,,,,,,,,,,,,,,,,,,,,,,,,,,,,,,,,,,,,,,,,,,,,,,,,,,,,,,,,,,0.0,IU,LCGA,,,,,,,,,,,,,,,,,,,,,,,,,,,,,,,,,,0.0,mg,LCGA,,,,0.0,mg,LCGA,,,,,,,,,,,,,,,,,,,0.0,g,LCGA,0.0,g,LCGA,,,,,,,,,,False,False,False,False,False,True,True,False,False,False,False,False,False,False
45370135,B/IN RIB EYE STK CH 16 OZ,GDSN,2017-11-10 15:19:16,Beef.,112.0,g,4.0,oz,UNPREPARED,,,,,,,,,,0.0,g,LCCD,,,,,,,89.0,mg,LCSA,,,,,,,,,,,,,0.0,g,LCCD,,,,357.0,mg,LCSA,,,,,,,,,,,,,62.0,mg,LCSA,,,,,,,,,,0.0,g,LCSA,,,,,,,,,,,,,,,,,,,,,,0.0,g,LCSA,,,,,,,0.0,mg,LCCD,,,,,,,,,,,,,,,,,,,,,,,,,,,,,,,0.0,IU,LCCD,19.64,g,LCSA,,,,,,,,,,,,,,,,0.0,IU,LCCD,,,,,,,,,,,,,,,,,,,,,,,,,,,,,,,,,,,,,,,,,,,,,,,,,0.0,IU,LCCD,,,,,,,,,,,,,,,,,,,,,,0.0,g,LCSA,,,,,,,,,,0.03,mg,LCCD,,,,0.0,mg,LCCD,,,,,,,0.0,g,LCSA,,,,,,,,,,4.46,g,LCSA,11.61,g,LCSA,,,,,,,,,,False,False,False,False,False,False,False,False,False,False,False,True,False,False
45188300,CLASSIC COLOMBA,LI,2017-10-10 19:25:53,"WHEAT FLOUR, CANDIED ORANGE PEEL 18% (ORANGE PEEL, GLUCOSE FRUCTOSE SYRUP, SUGAR, ACIDIFIER: CITRIC ACID, FRESH EGGS, SUGAR, BUTTER, ICING 11% (SUGAR, EGG WHITE FROM FRESH EGGS, RICE FLOUR, ALMOND FLOUR 7%, SUNFLOWER SEEDS VEGETABLE OIL, FLAVORS), GRANULATED SUGAR FOR COVERING 6%, NATURAL YEAST (WHEAT), ALMONDS 2%, GLUCOSE-FRUCTOSE SYRUP, EMULSIFIER: MONO-AND DIGLYCERIDES OF FATTY ACIDS OF VEGETABLE ORIGIN, SKIMMED MILK POWDER, SALT, FLAVOURS.",80.0,g,1.0,SLICE,,,,,,,,,,,55.75,g,LCCS,,,,,,,175.0,mg,LCCS,,,,,,,,,,,,,1.9,g,LCCS,,,,,,,,,,,,,,,,,,,73.0,mg,LCCS,,,,,,,,,,0.0,g,LCCS,,,,,,,,,,,,,,,,,,,,,,39.5,g,LCCS,,,,,,,0.0,mg,LCCD,,,,,,,,,,,,,,,,,,,,,,,,,,,,,,,,,,5.88,g,LCCS,,,,,,,376.0,kcal,LCCS,,,,,,,,,,,,,,,,,,,,,,,,,,,,,,,,,,,,,,,,,,,,,,,,,,,,,,,,,,500.0,IU,LCCD,,,,,,,,,,,,,,,,,,,,,,,,,,,,,,,,,,0.9,mg,LCCD,,,,50.0,mg,LCCD,,,,,,,,,,,,,,,,,,,6.38,g,LCCS,14.0,g,LCCS,,,,,,,,,,True,False,True,False,True,True,True,True,True,True,False,False,False,False
45006042,SMOKED SAUSAGE,LI,2018-05-14 09:44:40,"PORK, WATER, PASTEURIZED PROCESS CHEDDAR CHEESE ([CHEDDAR CHEESE (PASTEURIZED MILK, CHEESE CULTURE, SALT, ENZYMES), WATER, MILKFAT, SODIUM PHOSPHATE, SALT, FRUIT AND VEGETABLE JUICE COLOR, PAPRIKA EXTRACT COLOR, SORBIC ACID], POWDERED CELLULOSE), AND LESS THAN 2% OF THE FOLLOWING: SALT, CORN SYRUP, POTASSIUM LACTATE, SUGAR, NATURAL FLAVORS, SODIUM DIACETATE, SODIUM ERYTHORBATE, SODIUM NITRITE, COLLAGEN CASING.",66.0,g,1.0,LINK,,,,,,,,,,,3.03,g,LCCS,,,,,,,939.0,mg,LCCS,,,,,,,,,,,,,0.0,g,LCCD,,,,,,,,,,,,,,,,,,,61.0,mg,LCCS,,,,,,,,,,0.0,g,LCCS,,,,,,,,,,,,,,,,,,,,,,1.52,g,LCSL,,,,,,,0.0,mg,LCCD,,,,,,,,,,,,,,,,,,,,,,,,,,,,,,,,,,12.12,g,LCCS,,,,,,,303.0,kcal,LCCS,,,,,,,,,,,,,,,,,,,,,,,,,,,,,,,,,,,,,,,,,,,,,,,,,,,,,,,,,,0.0,IU,LCCD,,,,,,,,,,,,,,,,,,,,,,,,,,,,,,,,,,0.55,mg,LCCD,,,,61.0,mg,LCCD,,,,,,,,,,,,,,,,,,,9.09,g,LCCS,25.76,g,LCCS,,,,,,,,,,True,False,False,False,False,True,True,False,True,False,True,False,False,False
45302608,WAFFLES,LI,2017-07-14 19:22:25,"ENRICHED FLOUR (WHEAT FLOUR, NIACIN, REDUCED IRON, VITAMIN B1 [THIAMIN MONONITRATE], VITAMIN B2 [RIBOFLAVIN], FOLIC ACID), WATER, EGG WHITES, VEGETABLE OIL (SOYBEAN, PALM, AND/OR CANOLA OIL), SUGAR, DEXTROSE, LEAVENING (BAKING SODA, SODIUM ALUMINUM PHOSPHATE, MONOCALCIUM PHOSPHATE), CONTAINS 2% OR LESS OF MODIFIED CORN STARCH, WHEAT FLOUR, SALT, SOY LECITHIN, NATURAL AND ARTIFICIAL FLAVORS, KIWI JUICE CONCENTRATE, CELLULOSE GUM, STRAWBERRIES, BLUEBERRIES, WHEY, STRAWBERRY JUICE CONCENTRATE, RASPBERRY JUICE CONCENTRATE, BLUEBERRY JUICE CONCENTRATE, ACETIC ACID, CITRIC ACID, RED 40 LAKE, BLUE 2 LAKE. VITAMINS AND MINERALS: CALCIUM CARBONATE, VITAMIN A PALMITATE, REDUCED IRON, NIACINAMIDE, VITAMIN B12, VITAMIN B6 (PYRIDOXINE HYDROCHLORIDE), VITAMIN B1 (THIAMIN HYDROCHLORIDE), VITAMIN B2 (RIBOFLAVIN).",55.0,g,1.0,WAFFLE,,,,,,,,,,,41.82,g,LCCS,,,,,,,473.0,mg,LCCS,273.0,mg,LCCD,,,,,,,,,,1.8,g,LCSL,,,,82.0,mg,LCCS,,,,,,,,,,0.618,mg,LCCD,0.0,mg,LCCD,,,,,,,,,,0.0,g,LCCS,,,,,,,,,,7.273,mg,LCCD,1.0,mg,LCCD,,,,,,,12.73,g,LCCS,,,,,,,0.0,mg,LCCD,,,,,,,,,,,,,,,,,,,,,,,,,,,,,,,,,,5.45,g,LCCS,,,,2.18,mcg,LCCD,291.0,kcal,LCCS,,,,,,,,,,,,,,,,,,,,,,,,,0.727,mg,LCCD,,,,,,,,,,,,,,,,,,,,,,,,,,,,,,,1818.0,IU,LCCD,,,,,,,,,,,,,,,,,,,,,,,,,,,,,,,,,,8.18,mg,LCCD,,,,455.0,mg,LCCD,,,,,,,,,,,,,,,,,,,2.73,g,LCCS,10.91,g,LCCS,,,,,,,,,,True,True,False,False,True,True,True,False,True,False,False,False,False,False
45141355,"DAIZY FARMS, PUMPKIN",LI,2017-07-14 17:13:39,"PUMPKIN, SQUASH.",122.0,g,0.5,cup,,,,,,,,,,,6.56,g,LCCS,,,,,,,4.0,mg,LCCS,,,,,,,,,,,,,2.5,g,LCCS,,,,,,,,,,,,,,,,,,,0.0,mg,LCCD,,,,,,,,,,0.0,g,LCCS,,,,,,,,,,,,,,,,,,,,,,2.46,g,LCCS,,,,,,,3.9,mg,LCCD,,,,,,,,,,,,,,,,,,,,,,,,,,,,,,,,,,0.82,g,LCCS,,,,,,,29.0,kcal,LCCS,,,,,,,,,,,,,,,,,,,,,,,,,,,,,,,,,,,,,,,,,,,,,,,,,,,,,,,,,,11066.0,IU,LCCD,,,,,,,,,,,,,,,,,,,,,,,,,,,,,,,,,,1.18,mg,LCCD,,,,16.0,mg,LCCD,,,,,,,,,,,,,,,,,,,0.0,g,LCCD,0.0,g,LCCD,,,,,,,,,,False,False,False,False,False,False,True,False,False,False,False,False,False,False
45267517,"MACARONI PRODUCT, PENNE RIGATE",LI,2018-05-04 01:51:32,CERTIFIED ORGANIC HARD AMBER DURUM WHOLE WHEAT.,56.0,g,2.0,ONZ,,,,,,,,,,,78.57,g,LCCS,,,,,,,0.0,mg,LCCD,,,,,,,,,,,,,10.7,g,LCCS,,,,,,,,,,,,,,,,,,,0.0,mg,LCCD,,,,,,,,,,0.0,g,LCCS,,,,,,,,,,,,,,,,,,,,,,0.0,g,LCCS,,,,,,,0.0,mg,LCCD,,,,,,,,,,,,,,,,,,,,,,,,,,,,,,,,,,12.5,g,LCCS,,,,,,,339.0,kcal,LCCS,,,,,,,,,,,,,,,,,,,,,,,,,,,,,,,,,,,,,,,,,,,,,,,,,,,,,,,,,,0.0,IU,LCCD,,,,,,,,,,,,,,,,,,,,,,,,,,,,,,,,,,1.93,mg,LCCD,,,,0.0,mg,LCCD,,,,,,,,,,,,,,,,,,,0.0,g,LCCD,1.79,g,LCCS,,,,,,,,,,False,False,False,False,True,False,False,False,False,False,False,False,False,False
45267519,MILK CHOCOLATE PRETZEL BITES,LI,2017-07-14 19:47:27,"SUGAR, PRETZELS (SOFT RED WINTER WHEAT FLOUR, SALT, SUNFLOWER OR CANOLA OR RICE OIL, CORN SYRUP, MALT SYRUP, YEAST), COCOA BUTTER, MILK CHOCOLATE LIQUOR, CONTAINS 0.5% OR LESS OF THE FOLLOWING: SOYA LECITHIN (AN EMULSIFIER), NONFAT MILK, VANILLA EXTRACT.",40.0,g,10.0,PIECES,,,,,,,,,,,65.0,g,LCCS,,,,,,,288.0,mg,LCCS,,,,,,,,,,,,,2.5,g,LCCS,,,,,,,,,,,,,,,,,,,12.0,mg,LCCS,,,,,,,,,,0.0,g,LCCS,,,,,,,,,,,,,,,,,,,,,,40.0,g,LCCS,,,,,,,0.0,mg,LCCD,,,,,,,,,,,,,,,,,,,,,,,,,,,,,,,,,,7.5,g,LCCS,,,,,,,500.0,kcal,LCCS,,,,,,,,,,,,,,,,,,,,,,,,,,,,,,,,,,,,,,,,,,,,,,,,,,,,,,,,,,0.0,IU,LCCD,,,,,,,,,,,,,,,,,,,,,,,,,,,,,,,,,,2.7,mg,LCCD,,,,150.0,mg,LCCD,,,,,,,,,,,,,,,,,,,15.0,g,LCCS,25.0,g,LCCS,,,,,,,,,,True,True,False,False,True,False,True,False,True,True,False,False,False,False
45374937,TERIYAKI TOFU WITH BOK CHOY & STICKY BLACK RICE,LI,2018-06-01 20:44:51,"TERIYAKI TOFU: NON-GMO TOFU (WATER, NON-GMO SOYBEANS, CALCIUM SULFATE, CALCIUM CHLORIDE), TERIYAKI SAUCE (TAMARI SAUCE (WATER, SOYBEANS, SALT, VINEGAR), MIRIN, WATER, BROWN SUGAR, RICE VINEGAR, ORANGE JUICE, CONCENTRATE, SUGAR, SESAME OIL, GINGER, ORANGE, GARLIC, SPICES, ORANGE OIL). BOK CHOY & STICKY BLACK RICE: BOK CHOY, BLACK RICE, WATER, RED PEPPER, CARROT, SESAME SEEDS, ONION, SESAME OIL, EXPELLER-PRESSED CANOLA OIL, SALT.",184.0,g,6.5,ONZ,,,,,,,,,,,30.98,g,LCCS,,,,,,,364.0,mg,LCCS,,,,,,,,,,,,,3.3,g,LCCS,,,,,,,,,,,,,,,,,,,0.0,mg,LCCD,,,,,,,,,,0.0,g,LCCS,,,,,,,,,,,,,,,,,,,,,,6.52,g,LCCS,,,,,,,8.2,mg,LCCD,,,,,,,,,,,,,,,,,,,,,,,,,,,,,,,,,,6.52,g,LCCS,,,,,,,185.0,kcal,LCCS,,,,,,,,,,,,,,,,,,,,,,,,,,,,,,,,,,,,,,,,,,,,,,,,,,,,,,,,,,1359.0,IU,LCCD,,,,,,,,,,,,,,,,,,,,,,,,,,,,,,,,,,1.47,mg,LCCD,,,,43.0,mg,LCCD,,,,,,,,,,,,,,,,,,,0.54,g,LCCS,4.89,g,LCCS,,,,,,,,,,False,True,True,False,False,True,True,True,False,False,False,False,False,False
45078045,CROUTONS,LI,2017-06-25 02:37:46,"ENRICHED WHEAT FLOUR (WHEAT FLOUR, NIACIN, FERROUS, SULFATE, THIAMINE MONONITRATE, RIBOFLAVIN, FOLIC ACID), CANOLA AND/OR SUNFLOWER OIL, DEHYDRATED GARLIC, SALT, YEAST, WATER, NATURAL BUTTER FLAVOR (A MILK INGREDIENT), MALTED BARLEY FLOUR, CITRIC ACID AND/OR TOCOPHEROLS ADDED TO MAINTAIN FRESHNESS. ",7.0,g,2.0,Tbsp,,,,,,,,,,,57.14,g,LCCS,,,,,,,786.0,mg,LCCS,,,,,,,,,,,,,0.0,g,LCCD,,,,,,,,,,,,,,,,,,,0.0,mg,LCCD,,,,,,,,,,0.0,g,LCCS,,,,,,,,,,,,,,,,,,,,,,0.0,g,LCCS,,,,,,,0.0,mg,LCCD,,,,,,,,,,,,,,,,,,,,,,,,,,,,,,,,,,14.29,g,LCCS,,,,,,,500.0,kcal,LCCS,,,,,,,,,,,,,,,,,,,,,,,,,,,,,,,,,,,,,,,,,,,,,,,,,,,,,,,,,,0.0,IU,LCCD,,,,,,,,,,,,,,,,,,,,,,,,,,,,,,,,,,0.0,mg,LCCD,,,,0.0,mg,LCCD,,,,,,,,,,,,,,,,,,,0.0,g,LCCD,21.43,g,LCCS,,,,,,,,,,True,False,False,False,True,False,True,False,True,False,False,False,False,False
45320137,GOLDEN BATTERED CHICKEN WITH CHEESE FRIES,LI,2018-03-11 05:18:42,"BATTERED CHICKEN PATTY STRIPS (COOKED WHITE MEAT CHICKEN, WATER, ENRICHED FLOUR [WHEAT FLOUR (NIACIN, REDUCED IRON, THIAMINE MONONITRATE, RIBOFLAVIN, FOLIC ACID)], VEGETABLE OIL [PARTIALLY HYDROGENATED SOYBEAN OIL (TBHQ AND CITRIC ACID TO PRESERVE FRESHNESS) AND/OR COTTONSEED OIL], MODIFIED FOOD STARCH, BEER, SALT, COOKED MASA HARINA [TRACE OF LIME], SOY PROTEIN CONCENTRATE, ISOLATED OAT PRODUCT, SODIUM PHOSPHATE, NATURAL FLAVOR [MALTODEXTRIN, YEAST EXTRACT, NATURAL FLAVOR, POTATO MALTODEXTRIN, SPICES], SODIUM BICARBONATE [HYDROGENATED VEGETABLE OIL], MONOCALCIUM PHOSPHATE [HYDROGENATED VEGETABLE OIL], NATURAL FLAVORS, SPICE EXTRACT, ONION POWDER, XANTHAN GUM, GUAR GUM, DEXTROSE), ROASTED POTATOES (ROASTED POTATOES, MALTODEXTRIN, SALT, ONION POWDER, GARLIC POWDER, SPICE, PARSLEY, YEAST EXTRACT, VEGETABLE OIL [SOYBEAN AND SUNFLOWER], DEXTROSE, NATURAL FLAVOR, CARAMEL COLOR, ANNATTO, SODIUM ACID PYROPHOSPHATE), CHEESE SAUCE MIX (WATER, PASTEURIZED CHEDDAR CHEESE PRODUCT [CHEDDAR CHEESE (PASTEURIZED MILK, CULTURES, SALT, ENZYMES)], WATER, SOYBEAN OIL, WHEY PROTEIN CONCENTRATE, MODIFIED FOOD STARCH, NATURAL FLAVORS, SALT, SODIUM CITRATE, DIPOTASSIUM PHOSPHATE, POTASSIUM CHLORIDE, SODIUM STEAROYL LACTYLATE, SORBIC ACID, YEAST EXTRACT, AND COLOR [BETA CAROTENE AND/OR PAPRIKA AND/OR ANNATTO], SOYBEAN OIL, MODIFIED CORN STARCH, RECONSTITUTED SKIM MILK, SALT, SUGAR, CARRAGEENAN, LACTIC ACID, CITRIC ACID, SOY PROTEIN CONCENTRATE, DRIED EGG YOLKS, BETA CAROTENE FOR COLOR [CORN OIL, TOCOPHEROL]).",454.0,g,1.0,PACKAGE,,,,,,,,,,,16.08,g,LCCS,,,,,,,357.0,mg,LCCS,,,,,,,,,,,,,1.8,g,LCCS,,,,,,,,,,,,,,,,,,,13.0,mg,LCCS,,,,,,,,,,0.0,g,LCCS,,,,,,,,,,,,,,,,,,,,,,0.44,g,LCCS,,,,,,,0.8,mg,LCCD,,,,,,,,,,,,,,,,,,,,,,,,,,,,,,,,,,6.17,g,LCCS,,,,,,,152.0,kcal,LCCS,,,,,,,,,,,,,,,,,,,,,,,,,,,,,,,,,,,,,,,,,,,,,,,,,,,,,,,,,,441.0,IU,LCCD,,,,,,,,,,,,,,,,,,,,,,,,,,,,,,,,,,0.99,mg,LCCD,,,,44.0,mg,LCCD,,,,,,,,,,,,,,,,,,,2.2,g,LCCS,7.05,g,LCCS,,,,,,,,,,True,True,False,False,True,True,True,False,True,True,False,False,False,False
45148651,WHITE FUDGE PEPPERMINT COOKIES,LI,2017-07-14 20:24:00,"COOKIE: ENRICHED WHEAT FLOUR (WHEAT FLOUR, NIACIN, REDUCED IRON, THIAMINE MONONITRATE, RIBOFLAVIN, FOLIC ACID), CONFECTIONERS SUGAR (SUGAR AND CORNSTARCH), PALM OIL SHORTENING, MARGARINE (PALM OIL, WATER, SALT, MONO- AND DIGLYCERIDES, SOY LECITHIN, SODIUM BENZOATE [PRESERVATIVE], CITRIC ACID [PRESERVATIVE], ARTIFICIAL FLAVOR, BETA-CAROTENE COLOR, VITAMIN A PALMITATE), EGGS, COCOA, COCOA PROCESSED WITH ALKALI, WHEY POWDER, EGG WHITES, CORNSTARCH, NATURAL & ARTIFICIAL FLAVORS (CONTAINS MILK), SALT, SOY LECITHIN AS AN EMULSIFIER, SODIUM BICARBONATE, LEAVENING MIX (SODIUM ACID PYROPHOSPHATE, SODIUM BICARBONATE, CORNSTARCH, MONOCALCIUM PHOSPHATE). WHITE CHOCOLATE COATING: SUGAR, PARTIALLY HYDROGENATED PALM KERNEL OIL, WHEY POWDER (MILK), ARTIFICIAL COLOR (TITANIUM DIOXIDE), SOY LECITHIN AS AN EMULSIFIER, SALT, ARTIFICIAL FLAVOR, ANHYDROUS MILKFAT. CRUSHED PEPPERMINT CANDIES: SUGAR, CORN SYRUP, TITANIUM DIOXIDE (FOR COLOR), RED 40, NATURAL PEPPERMINT OIL.",18.0,g,1.0,COOKIE,,,,,,,,,,,50.0,g,LCCS,,,,,,,167.0,mg,LCCS,,,,,,,,,,,,,0.0,g,LCCD,,,,,,,,,,,,,,,,,,,28.0,mg,LCCS,,,,,,,,,,0.0,g,LCCS,,,,,,,,,,,,,,,,,,,,,,44.44,g,LCCS,,,,,,,0.0,mg,LCCD,,,,,,,,,,,,,,,,,,,,,,,,,,,,,,,,,,5.56,g,LCCS,,,,,,,444.0,kcal,LCCS,,,,,,,,,,,,,,,,,,,,,,,,,,,,,,,,,,,,,,,,,,,,,,,,,,,,,,,,,,0.0,IU,LCCD,,,,,,,,,,,,,,,,,,,,,,,,,,,,,,,,,,4.0,mg,LCCD,,,,0.0,mg,LCCD,,,,,,,,,,,,,,,,,,,16.67,g,LCCS,22.22,g,LCCS,,,,,,,,,,True,True,False,False,True,False,True,False,True,True,False,False,False,False
45211798,BREAK N' BAKE SUGAR COOKIE DOUGH,LI,2017-11-01 22:14:54,"ENRICHED BLEACHED FLOUR (WHEAT FLOUR, NIACIN, IRON, THIAMIN MONONITRATE [VITAMIN B1], RIBOFLAVIN [VITAMIN B2], FOLIC ACID), SUGAR, VEGETABLE OIL (PALM, SOYBEAN AND/OR COTTONSEED OILS), WATER, CONTAINS 2% OR LESS OF EACH OF THE FOLLOWING: SKIM MILK, BAKING SODA, SALT, EGGS, NATURAL AND ARTIFICIAL FLAVOR, CARNAUBA WAX.",19.0,g,1.0,COOKIE,,,,,,,,,,,63.16,g,LCCS,,,,,,,395.0,mg,LCCS,,,,,,,,,,,,,0.0,g,LCCD,,,,0.0,mg,LCCD,,,,,,,,,,,,,0.0,mg,LCCD,,,,,,,,,,0.0,g,LCCS,,,,,,,,,,,,,,,,,,,,,,36.84,g,LCCS,,,,,,,,,,,,,,,,,,,,,,,,,,,,,,,,,,,,,,,,0.0,IU,LCCD,5.26,g,LCSL,,,,,,,421.0,kcal,LCCS,,,,,,,,,,,,,,,,,,,,,,,,,,,,,,,,,,,,,,,,,,,,,,,,,,,,,,,,,,,,,36.8,g,LCCS,,,,,,,,,,,,,,,,,,,,,,,,,,,,,,,0.0,mg,LCCD,,,,0.0,mg,LCCD,,,,,,,,,,,,,,,,,,,7.89,g,LCCS,15.79,g,LCCS,,,,,,,,,,True,True,False,False,True,False,True,False,True,False,False,False,False,False
45211797,BREAK N' BAKE SNICKERDOODLE COOKIE DOUGH,LI,2017-11-01 22:14:14,"ENRICHED BLEACHED FLOUR (WHEAT FLOUR, NIACIN, IRON, THIAMIN MONONITRATE [VITAMIN B1], RIBOFLAVIN [VITAMIN B2], FOLIC ACID), SUGAR, VEGETABLE OIL (PALM, SOYBEAN AND/OR COTTONSEED OILS), WATER, MARGARINE (PALM OIL, WATER, SOYBEAN OIL, SALT, MONO- AND DIGLYCERIDES, ANNATTO [COLOR], CALCIUM DISODIUM EDTA [PRESERVATIVE], ARTIFICIAL FLAVOR, VITAMIN A PALMITATE ), CONTAINS 2% OR LESS OF: EGGS, BAKING SODA, CORN SYRUP, SKIM MILK, CINNAMON, SALT, NATURAL AND ARTIFICIAL FLAVORS.",19.0,g,1.0,COOKIE,,,,,,,,,,,57.89,g,LCCS,,,,,,,342.0,mg,LCCS,,,,,,,,,,,,,0.0,g,LCCD,,,,0.0,mg,LCCD,,,,,,,,,,,,,26.0,mg,LCSL,,,,,,,,,,0.0,g,LCCS,,,,,,,,,,,,,,,,,,,,,,31.58,g,LCCS,,,,,,,,,,,,,,,,,,,,,,,,,,,,,,,,,,,,,,,,0.0,IU,LCCD,5.26,g,LCSL,,,,,,,421.0,kcal,LCCS,,,,,,,,,,,,,,,,,,,,,,,,,,,,,,,,,,,,,,,,,,,,,,,,,,,,,,,,,,,,,31.6,g,LCCS,,,,,,,,,,,,,,,,,,,,,,,,,,,,,,,0.0,mg,LCCD,,,,0.0,mg,LCCD,,,,,,,,,,,,,,,,,,,7.89,g,LCCS,18.42,g,LCCS,,,,,,,,,,True,True,False,False,True,False,True,False,True,False,False,False,False,False
45145156,"MAIN & GEARY, ROASTED DELUXE MIXED NUTS",LI,2017-07-14 17:20:57,"CASHEWS, ALMONDS, BRAZILS, PECANS, FILBERTS, SEA SALT, PEANUT OIL",28.0,g,1.0,ONZ,,,,,,,,,,,21.43,g,LCCS,,,,,,,375.0,mg,LCCS,,,,,,,,,,,,,3.6,g,LCCS,,,,,,,,,,,,,,,,,,,0.0,mg,LCCD,,,,,,,,,,0.0,g,LCCS,,,,,,,,,,,,,,,,,,,,,,3.57,g,LCCS,,,,,,,0.0,mg,LCCD,,,,,,,,,,,,,,,,,,,,,,,,,,,,,,,,,,17.86,g,LCCS,,,,,,,607.0,kcal,LCCS,,,,,,,,,,,,,,,,,,,,,,,,,,,,,,,,,,,,,,,,,,,,,,,,,,,,,,,,,,0.0,IU,LCCD,,,,,,,,,,,,,,,,,,,,,,,,,,,,,,,,,,5.14,mg,LCCD,,,,143.0,mg,LCCD,,,,,,,,,,,,,,,,,,,7.14,g,LCCS,53.57,g,LCCS,,,,,,,,,,False,True,False,False,False,False,False,False,False,False,False,False,False,False
45283775,COOKED HAM,LI,2017-07-14 20:41:55,"WATER, CONTAINS 2% OR LESS OF THE FOLLOWING: VINEGAR, DEXTROSE, SALT, SODIUM PHOSPHATE, SODIUM ERYTHORBATE, SODIUM NITRITE.",28.0,g,1.0,SLICE,,,,,,,,,,,3.57,g,LCCS,,,,,,,714.0,mg,LCCS,,,,,,,,,,,,,0.0,g,LCCD,,,,,,,,,,,,,,,,,,,36.0,mg,LCCS,,,,,,,,,,0.0,g,LCCS,,,,,,,,,,,,,,,,,,,,,,3.57,g,LCCS,,,,,,,0.0,mg,LCCD,,,,,,,,,,,,,,,,,,,,,,,,,,,,,,,,,,17.86,g,LCCS,,,,,,,107.0,kcal,LCCS,,,,,,,,,,,,,,,,,,,,,,,,,,,,,,,,,,,,,,,,,,,,,,,,,,,,,,,,,,0.0,IU,LCCD,,,,,,,,,,,,,,,,,,,,,,,,,,,,,,,,,,1.29,mg,LCCD,,,,0.0,mg,LCCD,,,,,,,,,,,,,,,,,,,0.0,g,LCCD,3.57,g,LCCS,,,,,,,,,,False,False,False,False,False,False,False,False,False,False,False,False,False,False
45283776,HERBAL ICED TEA BEVERAGE,LI,2018-05-14 10:04:07,"BREWED HERBAL TEA (WATER, GREEN ROOIBOS AND HIBISCUS), SUGAR, NATURAL FLAVORS, CITRIC ACID.",429.0,ml,1.0,BOTTLE,,,,,,,,,,,5.13,g,LCCS,,,,,,,2.0,mg,LCCS,,,,,,,,,,,,,,,,,,,,,,,,,,,,,,,,,,,,,,,,,,,,,,,,,,,,,,,,,,,,,,,,,,,,,,4.9,g,LCCS,,,,,,,,,,,,,,,,,,,,,,,,,,,,,,,,,,,,,,,,,,,0.0,g,LCCS,,,,,,,21.0,kcal,LCCS,,,,,,,,,,,,,,,,,,,,,,,,,,,,,,,,,,,,,,,,,,,,,,,,,,,,,,,,,,,,,4.9,g,LCCS,,,,,,,,,,,,,,,,,,,,,,,,,,,,,,,,,,,,,,,,,,,,,,,,,,,,,,,,,,,,,0.0,g,LCCD,,,,,,,,,,False,False,False,False,False,False,False,False,False,False,False,False,False,False
45144403,"SNAK CLUB, ALMONDS BERRIES TRAIL MIX",LI,2017-07-14 17:19:34,"PRODUCT CONTAINS: GOLDEN RAISINS (RAISINS, SULPHUR DIOXIDE), CRANBERRIES (CRANBERRIES, SUGAR, SUNFLOWER OIL), ALMONDS, BLUEBERRIES (BLUEBERRIES, SUGAR, SUNFLOWER OIL).",30.0,g,0.25,cup,,,,,,,,,,,66.67,g,LCCS,,,,,,,7.0,mg,LCCS,,,,,,,,,,,,,6.7,g,LCCS,,,,,,,,,,,,,,,,,,,0.0,mg,LCCD,,,,,,,,,,0.0,g,LCCS,,,,,,,,,,,,,,,,,,,,,,53.33,g,LCCS,,,,,,,0.0,mg,LCCD,,,,,,,,,,,,,,,,,,,,,,,,,,,,,,,,,,6.67,g,LCCS,,,,,,,383.0,kcal,LCCS,,,,,,,,,,,,,,,,,,,,,,,,,,,,,,,,,,,,,,,,,,,,,,,,,,,,,,,,,,0.0,IU,LCCD,,,,,,,,,,,,,,,,,,,,,,,,,,,,,,,,,,1.8,mg,LCCD,,,,100.0,mg,LCCD,,,,,,,,,,,,,,,,,,,3.33,g,LCSL,13.33,g,LCCS,,,,,,,,,,False,False,False,False,False,True,False,False,False,False,False,False,False,False
45139190,"OTTOGI, MEDIUM CURRY",LI,2017-12-08 12:37:13,"WATER, ONION, POTATO, CARROT, MODIFIED TAPIOCA STARCH, CHUTNEY (APPLE, SUGAR, PEAR, PERSIMMON, TANGERINE), MILK CREAM, SUNFLOWER OIL, CURRY POWDER (TURMERIC, CORIANDER, CUMIN, FENUGREEK, FENNEL), SALT, SUGAR, TOMATO PASTE, BEEF EXTRACT, BEEF LEG BONE EXTRACT, GARLIC, WORCESTERSHIRE SAUCE, UMAMI SEASONING (SEATANGLE, DEXTRIN, SALT), BLACK PEPPER POWDER, DISODIUM INOSINATE, DISODIUM GUANYLATE, RED PEPPER POWDER, CUMIN POWDER, CARDAMON POWDER, TURMERIC POWDER, DEXTRIN.",190.0,g,1.0,POUCH,,,,,,,,,,,10.53,g,LCCS,,,,,,,432.0,mg,LCCS,,,,,,,,,,,,,2.1,g,LCCS,,,,,,,,,,,,,,,,,,,0.0,mg,LCCD,,,,,,,,,,0.0,g,LCCS,,,,,,,,,,,,,,,,,,,,,,3.16,g,LCCS,,,,,,,0.0,mg,LCCD,,,,,,,,,,,,,,,,,,,,,,,,,,,,,,,,,,1.58,g,LCCS,,,,,,,68.0,kcal,LCCS,,,,,,,,,,,,,,,,,,,,,,,,,,,,,,,,,,,,,,,,,,,,,,,,,,,,,,,,,,105.0,IU,LCCD,,,,,,,,,,,,,,,,,,,,,,,,,,,,,,,,,,0.0,mg,LCCD,,,,0.0,mg,LCCD,,,,,,,,,,,,,,,,,,,0.53,g,LCCS,2.11,g,LCCS,,,,,,,,,,True,False,False,False,False,True,True,False,True,False,False,True,False,False
45286173,SNACK CRACKERS,LI,2017-07-14 19:12:50,"ENRICHED FLOUR (WHEAT FLOUR, NIACIN, REDUCED IRON, THIAMINE MONONITRATE, RIBOFLAVIN, FOLIC ACID), CANOLA OIL, PALM OIL, SUGAR, HIGH FRUCTOSE CORN SYRUP, CONTAINS 2% OR LESS OF THE FOLLOWING: SALT, MALTED BARLEY FLOUR, WHEY (MILK), MONOCALCIUM PHOSPHATE, AMMONIUM BICARBONATE, BAKING SODA, SOY LECITHIN, ARTIFICIAL FLAVORING, PROTEASE ENZYME.",16.0,g,5.0,CRACKERS,,,,,,,,,,,50.0,g,LCCS,,,,,,,656.0,mg,LCCS,,,,,,,,,,,,,0.0,g,LCCD,,,,,,,,,,,,,,,,,,,0.0,mg,LCCD,,,,,,,,,,0.0,g,LCCS,,,,,,,,,,,,,,,,,,,,,,6.25,g,LCCS,,,,,,,0.0,mg,LCCD,,,,,,,,,,,,,,,,,,,,,,,,,,,,,,,,,,6.25,g,LCCS,,,,,,,375.0,kcal,LCCS,,,,,,,,,,,,,,,,,,,,,,,,,,,,,,,,,,,,,,,,,,,,,,,,,,,,,,,,,,0.0,IU,LCCD,,,,,,,,,,,,,,,,,,,,,,,,,,,,,,,,,,2.25,mg,LCCD,,,,125.0,mg,LCCD,,,,,,,,,,,,,,,,,,,6.25,g,LCCS,18.75,g,LCCS,,,,,,,,,,True,True,False,False,True,False,True,False,True,False,False,False,False,False
45147172,"SPEEDY CHOICE, PREMIUM GUMMI WORMS CANDY",LI,2017-07-14 17:24:00,"CORN SYRUP, SUGAR, GELATIN, CITRIC ACID, SORBITOL, NATURAL AND ARTIFICIAL FLAVORS, FD&C YELLOW#5, YELLOW #6, BLUE #1, RED #40, VEGETABLE OIL, (COCONUT), CARNAUBA WAX (FOR ANTI-STICKING).",40.0,g,10.0,PIECES,,,,,,,,,,,72.5,g,LCCS,,,,,,,25.0,mg,LCCS,,,,,,,,,,,,,0.0,g,LCCD,,,,,,,,,,,,,,,,,,,0.0,mg,LCCD,,,,,,,,,,0.0,g,LCCS,,,,,,,,,,,,,,,,,,,,,,47.5,g,LCCS,,,,,,,0.0,mg,LCCD,,,,,,,,,,,,,,,,,,,,,,,,,,,,,,,,,,5.0,g,LCCS,,,,,,,300.0,kcal,LCCS,,,,,,,,,,,,,,,,,,,,,,,,,,,,,,,,,,,,,,,,,,,,,,,,,,,,,,,,,,0.0,IU,LCCD,,,,,,,,,,,,,,,,,,,,,,,,,,,,,,,,,,0.0,mg,LCCD,,,,0.0,mg,LCCD,,,,,,,,,,,,,,,,,,,0.0,g,LCCD,0.0,g,LCCD,,,,,,,,,,False,False,False,False,False,False,True,False,False,False,False,False,False,False
45365940,BRAZO GITANO DULCE LECHE,LI,2018-02-16 21:53:15,,57.0,g,2.0,ONZ,,,,,,,,,,,36.84,g,LCCS,,,,,,,474.0,mg,LCCS,,,,,,,,,,,,,0.0,g,LCCD,,,,246.0,mg,LCCD,,,,,,,,,,,,,70.0,mg,LCCS,,,,,,,,,,0.0,g,LCCS,,,,,,,,,,,,,,,,,,,,,,29.82,g,LCCS,,,,,,,,,,,,,,,,,,,,,,,,,,,,,,,,,,,,,,,,0.0,IU,LCCD,3.51,g,LCCS,,,,,,,316.0,kcal,LCCS,,,,,,,,,,,,,,,,,,,,,,,,,,,,,,,,,,,,,,,,,,,,,,,,,,,,,,,,,,,,,,,,,,,,,,,,,,,,,,,,,,,,,,,,,,,,,,1.26,mg,LCCD,,,,351.0,mg,LCCD,,,,,,,,,,,,,,,,,,,7.02,g,LCCS,15.79,g,LCCS,,,,,,,,,,False,False,False,False,False,False,False,False,False,False,False,False,False,False
45051337,"SANTA BARBARA OLIVE CO., HAND STUFFED OLIVES, HABANERO",LI,2018-04-06 04:20:17,"CONTAINS: OLIVES, HABANERO PEPPERS, WATER, SEA SALT, VINEGAR.",14.0,g,2.0,OLIVES,,,,,,,,,,,0.0,g,LCCD,,,,,,,3286.0,mg,LCCS,,,,,,,,,,,,,0.0,g,LCCD,,,,,,,,,,,,,,,,,,,0.0,mg,LCCD,,,,,,,,,,,,,,,,,,,,,,,,,,,,,,,,,,,,,,,,,,,0.0,mg,LCCD,,,,,,,,,,,,,,,,,,,,,,,,,,,,,,,,,,0.0,g,LCCS,,,,,,,107.0,kcal,LCCS,,,,,,,,,,,,,,,,,,,,,,,,,,,,,,,,,,,,,,,,,,,,,,,,,,,,,,,,,,0.0,IU,LCCD,,,,,,,,,,,,,,,,,,,,,,,,,,,,,,,,,,0.0,mg,LCCD,,,,0.0,mg,LCCD,,,,,,,,,,,,,,,,,,,0.0,g,LCCD,10.71,g,LCCS,,,,,,,,,,False,False,False,False,False,True,True,False,False,False,False,False,False,False
45365948,CRAFT GINGER ALE,LI,2018-01-24 15:54:48,,340.0,g,340.0,GRM,,,,,,,,,,,9.12,g,LCCS,,,,,,,4.0,mg,LCCS,,,,,,,,,,,,,0.1,g,LCCD,,,,,,,,,,,,,,,,,,,0.0,mg,LCCD,,,,,,,,,,0.0,g,LCCS,,,,,,,,,,,,,,,,,,,,,,8.24,g,LCCS,,,,,,,0.2,mg,LCCD,,,,,,,,,,,,,,,,,,,,,,,,,,,,,,,,,,0.0,g,LCCS,,,,,,,35.0,kcal,LCCS,,,,,,,,,,,,,,,,,,,,,,,,,,,,,,,,,,,,,,,,,,,,,,,,,,,,,,,,,,0.0,IU,LCCD,,,,,,,,,,,,,,,,,,,,,,,,,,,,,,,,,,0.0,mg,LCCD,,,,3.0,mg,LCCD,,,,,,,,,,,,,,,,,,,0.0,g,LCCD,0.0,g,LCCD,,,,,,,,,,False,False,False,False,False,False,False,False,False,False,False,False,False,False
45051338,WHOLE POTATOES,LI,2017-06-25 02:49:53,"POTATOES, WATER, SALT, CALCIUM CHLORIDE.",165.0,g,0.66,cup,,,,,,,,,,,8.48,g,LCCS,,,,,,,255.0,mg,LCCS,,,,,,,,,,,,,1.2,g,LCCS,,,,,,,,,,,,,,,,,,,0.0,mg,LCCD,,,,,,,,,,0.0,g,LCCS,,,,,,,,,,,,,,,,,,,,,,0.61,g,LCSL,,,,,,,7.3,mg,LCCD,,,,,,,,,,,,,,,,,,,,,,,,,,,,,,,,,,0.61,g,LCCS,,,,,,,42.0,kcal,LCCS,,,,,,,,,,,,,,,,,,,,,,,,,,,,,,,,,,,,,,,,,,,,,,,,,,,,,,,,,,0.0,IU,LCCD,,,,,,,,,,,,,,,,,,,,,,,,,,,,,,,,,,0.22,mg,LCCD,,,,24.0,mg,LCCD,,,,,,,,,,,,,,,,,,,0.0,g,LCCD,0.0,g,LCCD,,,,,,,,,,False,False,False,False,False,False,True,False,False,False,False,False,False,False
45341372,JUICE,LI,2018-05-02 02:53:31,TANGERINE JUICE.,240.0,ml,8.0,OZA,,,,,,,,,,,13.75,g,LCCS,,,,,,,8.0,mg,LCCS,,,,,,,,,,,,,0.0,g,LCCD,,,,171.0,mg,LCCS,,,,,,,,,,,,,0.0,mg,LCCD,,,,,,,,,,0.0,g,LCCS,,,,,,,,,,,,,,,,,,,,,,12.5,g,LCCS,,,,,,,12.5,mg,LCCD,,,,,,,,,,,,,,,,,,,,,,,,,,,,,,,,,,0.42,g,LCCS,,,,,,,58.0,kcal,LCCS,,,,,,,,,,,,,,,,,,,,,,,,,,,,,,,,,,,,,,,,,,,,,,,,,,,,,,,,,,167.0,IU,LCCD,,,,,,,,,,,,,,,,,,,,,,,,,,,,,,,,,,0.0,mg,LCCD,,,,17.0,mg,LCCD,,,,,,,,,,,,,,,,,,,0.0,g,LCCD,0.0,g,LCCD,,,,,,,,,,False,False,False,False,False,True,True,False,False,False,False,False,False,False
45318064,"STARBUCKS, DISCOVERIES CHILLED ESPRESSO BEVERAGE, CARAMEL MACCHIATO",LI,2017-06-25 03:07:07,"REDUCED-FAT MILK, BREWED STARBUCKS ESPRESSO COFFEE (WATER, COFFEE), SUGAR, NATURAL FLAVORS, ASCORBIC ACID (TO PROTECT FLAVOR).",240.0,ml,8.0,OZA,,,,,,,,,,,8.33,g,LCCS,,,,,,,17.0,mg,LCCS,,,,,,,,,,,,,0.0,g,LCCD,,,,,,,,,,,,,,,,,,,4.0,mg,LCCS,,,,,,,,,,0.0,g,LCCS,,,,,,,,,,,,,,,,,,,,,,7.08,g,LCCS,,,,,,,0.0,mg,LCCD,,,,,,,,,,,,,,,,,,,,,,,,,,,,,,,,,,1.25,g,LCCS,,,,,,,50.0,kcal,LCCS,,,,,,,,,,,,,,,,,,,,,,,,,,,,,,,,,,,,,,,,,,,,,,,,,,,,,,,,,,83.0,IU,LCCD,,,,,,,,,,,,,,,,,,,,,,,,,,,,,,,,,,0.0,mg,LCCD,,,,42.0,mg,LCCD,,,,,,,,,,,,,,,,,,,0.62,g,LCCS,0.83,g,LCCS,,,,,,,,,,True,False,False,False,False,False,False,False,True,False,False,False,False,False
45318062,"YOPLAIT, GREEK FAT FREE YOGURT, CHERRY",LI,2017-10-04 00:15:53,"CULTURED PASTEURIZED GRADE A NONFAT MILK, FRUIT BLEND(CHERRIES, SUGAR, WATER, MODIFIED CORN STARCH, MALIC ACID, VITAMIN A ACETATE, VITAMIN D3), CONTAINS 0. 5% OR LESS OF POTASSIUM SORBATE ADDED TO MAINTAIN FRESHNESS, YOGURT CULTURES(L. BULGARICUS, S. THERMOPHILUS), NATURAL FLAVOR. ",150.0,g,1.0,CONTAINER,,,,,,,,,,,13.33,g,LCCS,,,,,,,33.0,mg,LCCS,,,,,,,,,,,,,,,,,,,,,,,,,,,,,,,,,,3.0,mg,LCCS,,,,,,,,,,0.0,g,LCCS,,,,,,,,,,,,,,,,,,,,,,10.67,g,LCCS,,,,,,,,,,,,,,,,,,,,,,,,,,,,,,,,,,,,,,,,53.0,IU,LCCD,7.33,g,LCCS,,,,,,,87.0,kcal,LCCS,,,,,,,,,,,,,,,,,,,,,,,,,,,,,,,,,,,,,,,,,,,,,,,,,,,,,,,,,,133.0,IU,LCCD,,,,,,,,,,,,,,,,,,,,,,,,,,,,,,,,,,,,,,,,67.0,mg,LCCD,,,,,,,,,,,,,,,,,,,0.0,g,LCCD,0.0,g,LCCD,,,,,,,,,,True,False,False,False,False,True,True,False,True,False,False,False,False,False
45242840,"HAWAII'S BEST HAWAIIAN, COCONUT SYRUP & DELIGHTS",LI,2017-06-25 10:39:03,"CANE SUGAR, COCONUT POWDER, CORNSTARCH, MALTODEXTRIN, SODIUM CASEINATE, SALT.",60.0,ml,0.25,cup,,,,,,,,,,,21.67,g,LCCS,,,,,,,120.0,mg,LCCS,,,,,,,,,,,,,0.0,g,LCCD,,,,,,,,,,,,,,,,,,,0.0,mg,LCCD,,,,,,,,,,0.0,g,LCCS,,,,,,,,,,,,,,,,,,,,,,21.67,g,LCCS,,,,,,,0.0,mg,LCCD,,,,,,,,,,,,,,,,,,,,,,,,,,,,,,,,,,1.67,g,LCCS,,,,,,,200.0,kcal,LCCS,,,,,,,,,,,,,,,,,,,,,,,,,,,,,,,,,,,,,,,,,,,,,,,,,,,,,,,,,,0.0,IU,LCCD,,,,,,,,,,,,,,,,,,,,,,,,,,,,,,,,,,0.3,mg,LCCD,,,,0.0,mg,LCCD,,,,,,,,,,,,,,,,,,,10.0,g,LCCS,11.67,g,LCCS,,,,,,,,,,False,False,False,False,False,False,True,False,False,False,False,False,False,False
45242843,"GREAT VALUE, TROPICAL DRINK ENHANCER, PEACH MANGO PASSION FRUIT",LI,2017-08-11 09:49:50,"WATER, CITRIC ACID, SODIUM CITRATE, CONTAINS LESS THAN 2%: GUM ARABIC, SUCRALOSE AND ACESULFAME POTASSIUM (SWEETENERS), NATURAL FLAVOR, ESTER GUM, POTASSIUM SORBATE AND SODIUM BENZOATE (PRESERVATIVES), YELLOW 5, YELLOW 6.",2.0,ml,0.042,BOTTLE (ABOUT),,,,,,,,,,,0.0,g,LCCD,,,,,,,1000.0,mg,LCCS,,,,,,,,,,,,,,,,,,,,,,,,,,,,,,,,,,,,,,,,,,,,,,,,,,,,,,,,,,,,,,,,,,,,,,0.0,g,LCCS,,,,,,,,,,,,,,,,,,,,,,,,,,,,,,,,,,,,,,,,,,,0.0,g,LCCS,,,,,,,0.0,kcal,LCCS,,,,,,,,,,,,,,,,,,,,,,,,,,,,,,,,,,,,,,,,,,,,,,,,,,,,,,,,,,,,,,,,,,,,,,,,,,,,,,,,,,,,,,,,,,,,,,,,,,,,,,,,,,,,,,,,,,,,,,,,,,,,0.0,g,LCCD,,,,,,,,,,False,False,False,False,False,False,False,False,False,False,False,False,False,False
45242845,"VANINI, DARK CHOCOLATE BAR",LI,2018-03-11 06:44:05,"BITTERSWEET CHOCOLATE (CHOCOLATE LIQUOR, SUGAR, COCOA BUTTER, LOWFAT COCOA, SOY LECITHIN (EMULSIFIER), VANILLA EXTRACT), COCOA NIBS.",33.0,g,0.333,BAR,,,,,,,,,,,30.3,g,LCCS,,,,,,,0.0,mg,LCCD,,,,,,,,,,,,,12.1,g,LCCS,,,,,,,,,,,,,,,,,,,0.0,mg,LCCD,,,,,,,,,,0.0,g,LCCS,,,,,,,,,,,,,,,,,,,,,,27.27,g,LCCS,,,,,,,0.0,mg,LCCD,,,,,,,,,,,,,,,,,,,,,,,,,,,,,,,,,,9.09,g,LCCS,,,,,,,606.0,kcal,LCCS,,,,,,,,,,,,,,,,,,,,,,,,,,,,,,,,,,,,,,,,,,,,,,,,,,,,,,,,,,0.0,IU,LCCD,,,,,,,,,,,,,,,,,,,,,,,,,,,,,,,,,,0.0,mg,LCCD,,,,0.0,mg,LCCD,,,,,,,,,,,,,,,,,,,27.27,g,LCCS,45.45,g,LCCS,,,,,,,,,,True,True,False,False,False,False,False,False,True,True,False,False,False,False
45242847,"NING CHI, CHILI SHRIMP SAUCE",LI,2017-07-14 20:25:39,"CHILI, SOYBEAN OIL, SHRIMP, SALT, SUGAR, CITRIC ACID (NO ANTISEPTIC)",10.0,g,1.0,Tbsp,,,,,,,,,,,0.0,g,LCCD,,,,,,,1390.0,mg,LCCS,,,,,,,,,,,,,10.0,g,LCCS,,,,,,,,,,,,,,,,,,,30.0,mg,LCCS,,,,,,,,,,0.0,g,LCCS,,,,,,,,,,,,,,,,,,,,,,0.0,g,LCCS,,,,,,,0.0,mg,LCCD,,,,,,,,,,,,,,,,,,,,,,,,,,,,,,,,,,0.0,g,LCCS,,,,,,,540.0,kcal,LCCS,,,,,,,,,,,,,,,,,,,,,,,,,,,,,,,,,,,,,,,,,,,,,,,,,,,,,,,,,,2500.0,IU,LCCD,,,,,,,,,,,,,,,,,,,,,,,,,,,,,,,,,,0.0,mg,LCCD,,,,100.0,mg,LCCD,,,,,,,,,,,,,,,,,,,10.0,g,LCCS,60.0,g,LCCS,,,,,,,,,,False,True,False,True,False,False,False,False,False,False,False,False,False,False
45159093,"SMART SENSE, CHOCOLATE BRIDGE MIX",LI,2017-09-27 04:13:32,"MILK CHOCOLATE (SUGAR, COCOA BUTTER, MILK, CHOCOLATE LIQUOR, SOY LECITHIN [AN EMULSIFIER], ARTIFICIAL FLAVORING, SALT), SEMISWEET CHOCOLATE (SUGAR, CHOCOLATE LIQUOR, COCOA BUTTER, MILK FAT, LACTOSE, SOY LECITHIN [AN EMULSIFIER], ARTIFICIAL FLAVORING), PEANUTS, SUCROSE, RAISINS, CORN SYRUP, SWEETENED CONDENSED MILK (MILK, SKIM MILK, SUGAR), ALMONDS, BRAZIL NUTS, PARTIALLY HYDROGENATED VEGETABLE OIL (CONTAINS ONE OR MORE OF THE FOLLOWING: PALM KERNEL, SOYBEAN, COTTONSEED, COCONUT OR PALM OIL), MALT CENTERS (SUGAR, DAIRY BLEND [WHEY, WHEY PROTEIN CONCENTRATE], MALT POWDER [BARLEY MALT, WHEAT, MILK, BICARBONATE OF SODA, SALT]), COCOA POWDER, EVAPORATED MILK, SALT, INVERTASE, NATURAL AND ARTIFICIAL FLAVORS, EGG WHITES, CITRIC ACID, GUM ARABIC, FOOD STARCH MODIFIED, COCONUT OIL, CONFECTIONER'S GLAZE, ARTIFICIAL COLORS INCLUDING: RED 40 AND BLUE 1, XANTHAN GUM.",40.0,g,18.0,PIECES,,,,,,,,,,,65.0,g,LCCS,,,,,,,88.0,mg,LCCS,,,,,,,,,,,,,2.5,g,LCCS,,,,,,,,,,,,,,,,,,,0.0,mg,LCCD,,,,,,,,,,0.0,g,LCCS,,,,,,,,,,,,,,,,,,,,,,50.0,g,LCCS,,,,,,,0.0,mg,LCCD,,,,,,,,,,,,,,,,,,,,,,,,,,,,,,,,,,7.5,g,LCCS,,,,,,,500.0,kcal,LCCS,,,,,,,,,,,,,,,,,,,,,,,,,,,,,,,,,,,,,,,,,,,,,,,,,,,,,,,,,,0.0,IU,LCCD,,,,,,,,,,,,,,,,,,,,,,,,,,,,,,,,,,2.7,mg,LCCD,,,,100.0,mg,LCCD,,,,,,,,,,,,,,,,,,,15.0,g,LCCS,25.0,g,LCCS,,,,,,,,,,True,True,True,False,True,True,True,True,True,True,False,False,False,False
45159096,"SMART SENSE, VEGGIE STRAWS",LI,2018-01-22 02:25:49,"POTATO FLOUR (POTATO FLAKES AND STARCH), CORN STARCH, SUNFLOWER, SAFFLOWER AND/OR CANOLA OIL, TOMATO PUREE, SPINACH POWDER, SALT, CANE SUGAR, TURMERIC, BEET POWDER.",28.0,g,24.0,STRAWS) | (ABOUT,,,,,,,,,,,57.14,g,LCCS,,,,,,,1036.0,mg,LCCS,,,,,,,,,,,,,0.0,g,LCCD,,,,,,,,,,,,,,,,,,,0.0,mg,LCCD,,,,,,,,,,0.0,g,LCCS,,,,,,,,,,,,,,,,,,,,,,3.57,g,LCCS,,,,,,,0.0,mg,LCCD,,,,,,,,,,,,,,,,,,,,,,,,,,,,,,,,,,3.57,g,LCCS,,,,,,,464.0,kcal,LCCS,,,,,,,,,,,,,,,,,,,,,,,,,,,,,,,,,,,,,,,,,,,,,,,,,,,,,,,,,,0.0,IU,LCCD,,,,,,,,,,,,,,,,,,,,,,,,,,,,,,,,,,1.29,mg,LCCD,,,,0.0,mg,LCCD,,,,,,,,,,,,,,,,,,,1.79,g,LCCS,25.0,g,LCCS,,,,,,,,,,False,False,False,False,False,False,True,False,False,False,False,False,False,False
45067932,PROTEIN SEEKERS CHEWY BAR,LI,2017-11-05 06:47:50,"ROASTED PEANUTS, ALMONDS, SOY PROTEIN ISOLATE, CHICORY ROOT EXTRACT, SUGAR, VEGETABLE OIL (PALM KERNEL OIL, HIGH OLEIC CANOLA OIL, PEANUT OIL), WHEY PROTEIN CONCENTRATE, TAPIOCA SYRUP, CORN SYRUP, LESS THAN 2% OF: RICE STARCH, ROASTED SUNFLOWER SEEDS (SUNFLOWER SEEDS, COTTONSEED OIL AND/OR SUNFLOWER OIL), GLYCERIN, COCOA POWDER (PROCESSED WITH ALKALI), TOASTED COCONUT, CALCIUM CARBONATE, SALT, WATER, COCOA POWDER, NONFAT DRY MILK, FRUCTOSE, SOY LECITHIN, XANTHAN GUM, NATURAL FLAVOR, MIXED TOCOPHEROLS (ANTIOXIDANT), BAKING SODA.",40.0,g,1.0,BAR,,,,,,,,,,,35.0,g,LCCS,,,,,,,450.0,mg,LCCS,,,,,,,,,,,,,12.5,g,LCCS,,,,,,,,,,,,,,,,,,,0.0,mg,LCCD,,,,,,,,,,0.0,g,LCCS,,,,,,,,,,,,,,,,,,,,,,15.0,g,LCCS,,,,,,,0.0,mg,LCCD,,,,,,,,,,,,,,,,,,,,,,,,,,,,,,,,,,25.0,g,LCCS,,,,,,,475.0,kcal,LCCS,,,,,,,,,,,,,,,,,,,,,,,,,,,,,,,,,,,,,,,,,,,,,,,,,,,,,,,,,,0.0,IU,LCCD,,,,,,,,,,,,,,,,,,,,,,,,,,,,,,,,,,1.8,mg,LCCD,,,,150.0,mg,LCCD,,,,,,,,,,,,,,,,,,,7.5,g,LCCS,30.0,g,LCCS,,,,,,,,,,True,True,True,False,False,False,True,True,True,False,False,False,False,False
45067936,CHOCOLATE SPREAD,LI,2017-11-07 22:45:28,"SUGAR, PALM OIL, HAZELNUTS, COCOA POWDER, SKIM MILK POWDER, WHEY POWDER, LACTOSE, SUNFLOWER LECITHIN (EMULSIFIER), NATURAL FLAVORS.",37.0,g,2.0,Tbsp,,,,,,,,,,,62.16,g,LCCS,,,,,,,41.0,mg,LCCS,,,,,,,,,,,,,2.7,g,LCCS,,,,378.0,mg,LCCD,,,,,,,,,,,,,0.0,mg,LCCD,,,,,,,,,,0.0,g,LCCS,,,,,,,,,,,,,,,,,,,,,,59.46,g,LCCS,,,,,,,,,,,,,,,,,,,,,,,,,,,,,,,,,,,,,,,,0.0,IU,LCCD,5.41,g,LCCS,,,,,,,541.0,kcal,LCCS,,,,,,,,,,,,,,,,,,,,,,,,,,,,,,,,,,,,,,,,,,,,,,,,,,,,,,,,,,,,,51.4,g,LCCS,,,,,,,,,,,,,,,,,,,,,,,,,,,,,,,3.89,mg,LCCD,,,,54.0,mg,LCCD,,,,,,,,,,,,,,,,,,,9.46,g,LCCS,29.73,g,LCCS,,,,,,,,,,True,False,True,False,False,False,False,True,True,True,False,False,False,False
45262212,CHOPPED ASPARAGUS SALAD KIT,LI,2017-10-11 17:24:53,"CABBAGE, SHALLOT LEMON DRESSING [CANOLA OIL, WATER, RED WINE VINEGAR (CONTAINS POTASSIUM METABISULFITE), SHALLOTS, DISTILLED VINEGAR, SUGAR, LIME JUICE CONCENTRATE, LEMON JUICE CONCENTRATE, SALT, ROASTED GARLIC (GARLIC, CANOLA OIL), SPICE, XANTHAN GUM], ASPARAGUS, CARROTS, RADICCHIO, CAESAR CROUTONS [WHEAT FLOUR, SUNFLOWER OIL, SAFFLOWER OIL, CRACKED RYE, CRACKED WHEAT, SALT, SUGAR, WHEAT GLUTEN, GARLIC, ONION, PARMESAN CHEESE (PASTEURIZED MILK, SALT, CULTURE, ENZYMES), SPICES, YEAST, NATURAL FLAVOR, CITRIC ACID], PUMPKIN SEEDS, PARMESAN CHEESE (PASTEURIZED PART SKIM MILK, CHEESE CULTURES, SALT, ENZYMES).",185.0,g,0.5,CONTAINER,,,,,,,,,,,8.11,g,LCCS,,,,,,,130.0,mg,LCCS,,,,,,,,,,,,,1.6,g,LCCS,,,,,,,,,,,,,,,,,,,3.0,mg,LCCS,,,,,,,,,,0.0,g,LCCS,,,,,,,,,,,,,,,,,,,,,,1.62,g,LCCS,,,,,,,13.0,mg,LCCD,,,,,,,,,,,,,,,,,,,,,,,,,,,,,,,,,,3.78,g,LCCS,,,,,,,76.0,kcal,LCCS,,,,,,,,,,,,,,,,,,,,,,,,,,,,,,,,,,,,,,,,,,,,,,,,,,,,,,,,,,1622.0,IU,LCCD,,,,,,,,,,,,,,,,,,,,,,,,,,,,,,,,,,1.46,mg,LCCD,,,,54.0,mg,LCCD,,,,,,,,,,,,,,,,,,,1.08,g,LCCS,3.78,g,LCCS,,,,,,,,,,True,False,True,False,True,True,True,True,True,False,False,False,False,False
45262215,IRISH POTATO CRISPS,LI,2017-10-13 13:28:42,"KEOGH'S POTATOES, SUNFLOWER OIL, ATLANTIC SEA SALT, LACTOSE, SUGAR, DRIED LLEWELLYN'S CIDER VINEGAR, DRIED MALT VINEGAR, DRIED BALSAMIC VINEGAR, MALTODEXTRIN, YEAST EXTRACT, CITRIC ACID, MALIC ACID, NATURAL FLAVOURING, VEGETABLE OIL.",100.0,g,100.0,GRM,,,,,,,,,,,45.6,g,LCCS,,,,,,,1000.0,mg,LCCS,,,,,,,,,,,,,4.7,g,LCCS,,,,,,,,,,,,,,,,,,,,,,,,,,,,,,,,,,,,,,,,,,,,,,,,,,,,,,,,,,,,,,,,,,,,,,,,,,,,,,,,,,,,,,,,,,,,,,,,,,,,6.8,g,LCCS,,,,,,,512.0,kcal,LCCS,,,,,,,,,,,,,,,,,,,,,,,,,,,,,,,,,,,,,,,,,,,,,,,,,,,,,,,,,,,,,,,,,,,,,,,,,,,,,,,,,,,,,,,,,,,,,,,,,,,,,,,,,,,,,,,,,,,,,,,,,,,,32.9,g,LCCS,,,,,,,,,,False,False,False,False,False,False,True,False,False,False,False,False,False,False
45152881,ICED OATMEAL COOKIES,LI,2017-11-02 04:17:37,"ENRICHED BLEACHED WHEAT FLOUR (WHEAT FLOUR, NIACIN, IRON, THIAMIN MONONITRATE, RIBOFLAVIN, FOLIC ACID), SUGAR, CANOLA AND/OR SOYBEAN AND/OR PALM OIL, HIGH FRUCTOSE CORN SYRUP, WHOLE GRAIN OATS, RAISIN PASTE, CORN SYRUP, CONTAINS 2% OR LESS OF: EGGS, SALT, BAKING SODA, WHEY, SPICE, NATURAL AND ARTIFICIAL FLAVORS, CARAMEL COLOR, CORNSTARCH, TITANIUM DIOXIDE (COLOR), ENZYME MODIFIED SOY PROTEIN, SOY LECITHIN.",25.0,g,1.0,COOKIE,,,,,,,,,,,72.0,g,LCCS,,,,,,,360.0,mg,LCCS,,,,,,,,,,,,,0.0,g,LCCD,,,,80.0,mg,LCCS,,,,,,,,,,,,,12.0,mg,LCCD,,,,,,,,,,0.0,g,LCCS,,,,,,,,,,,,,,,,,,,,,,36.0,g,LCCS,,,,,,,,,,,,,,,,,,,,,,,,,,,,,,,,,,,,,,,,,,,4.0,g,LCCS,,,,,,,400.0,kcal,LCCS,,,,,,,,,,,,,,,,,,,,,,,,,,,,,,,,,,,,,,,,,,,,,,,,,,,,,,,,,,,,,,,,,,,,,,,,,,,,,,,,,,2.0,g,LCCS,,,,,,,,,,2.88,mg,LCCD,,,,,,,,,,,,,4.0,g,LCCS,,,,,,,,,,6.0,g,LCCS,12.0,g,LCCS,,,,,,,,,,True,True,False,False,True,True,True,False,True,False,False,False,False,False
45323171,GINGERBREAD MAN KIT,LI,2018-06-02 18:13:59,"GINGERBREAD: BROWN SUGAR SYRUP, WHEAT FLOUR, RYE FLOUR, SPICES, LEMON PEEL, ORANGE PEEL, AMMONIUM BICARBONATE. ICING: SUGAR, WATER, TAPIOCA SYRUP, AGAR-AGAR, CAROB BEAN GUM, TITANIUM DIOXIDE (COLOR), POTASSIUM SORBATE (PRESERVATIVE). CHOCOLATE BUTTONS: SUGAR, COCOA BUTTER, WHOLE MILK POWDER, CHOCOLATE LIQUOR, SOY LECITHIN, ACACIA (GUM ARABIC), GLUCOSE SYRUP, GELATIN, NATURAL VANILLA FLAVOR, COLORS (TITANIUM DIOXIDE, BETA CAROTENE, ANTHOCYANINS, TURMERIC, SPIRULINA, BEETROOT JUICE), CARNAUBA WAX, BEESWAX. NONPAREILLES: SUGAR, WHEAT STARCH, CORN STARCH, GLUCOSE SYRUP (WHEAT), COLORS (BEETROOT JUICE CONCENTRATE, SPINACH POWDER).",30.0,g,0.125,DECORATED COOKIE,,,,,,,,,,,83.33,g,LCCS,,,,,,,17.0,mg,LCSL,,,,,,,,,,,,,3.3,g,LCCS,,,,,,,,,,,,,,,,,,,0.0,mg,LCCD,,,,,,,,,,0.0,g,LCCS,,,,,,,,,,,,,,,,,,,,,,50.0,g,LCCS,,,,,,,0.0,mg,LCCD,,,,,,,,,,,,,,,,,,,,,,,,,,,,,,,,,,3.33,g,LCCS,,,,,,,367.0,kcal,LCCS,,,,,,,,,,,,,,,,,,,,,,,,,,,,,,,,,,,,,,,,,,,,,,,,,,,,,,,,,,0.0,IU,LCCD,,,,,,,,,,,,,,,,,,,,,,,,,,,,,,,,,,1.2,mg,LCCD,,,,0.0,mg,LCCD,,,,,,,,,,,,,,,,,,,1.67,g,LCCS,3.33,g,LCCS,,,,,,,,,,True,True,False,False,True,True,True,False,True,False,False,False,False,False
45163042,"GIANT EAGLE, KETTLE COOKED CLASSIC POTATO CHIPS",LI,2017-07-14 17:50:01,"POTATOES, VEGETABLE OIL [CONTAINS ONE OR MORE OF THE FOLLOWING SUNFLOWER, CORN OR CANOLA], AND SEA SALT.",28.0,g,16.0,CHIPS | ABOUT,,,,,,,,,,,57.14,g,LCCS,,,,,,,321.0,mg,LCCS,143.0,mg,LCCD,,,,,,,,,,3.6,g,LCCS,,,,1143.0,mg,LCCS,,,,,,,,,,0.121,mg,LCCD,0.0,mg,LCCD,,,,,,,,,,0.0,g,LCCS,,,,,,,,,,5.714,mg,LCCD,0.0,mg,LCCD,5.0,mcg,LCCD,,,,3.57,g,LCCS,,,,,,,8.6,mg,LCCD,,,,,,,,,,,,,,,,,,,,,,,,,57.0,mg,LCCD,,,,,,,7.14,g,LCCS,,,,,,,536.0,kcal,LCCS,,,,,,,,,,,,,,,,,,,,,,,,,0.429,mg,LCCD,,,,,,,,,,,,,,,,,,,,,,,,,,,,,,,0.0,IU,LCCD,,,,,,,,,,,,,,,,,,,5.7,mcg,LCCD,8.93,g,LCCS,,,,,,,,,,2.57,mg,LCCD,,,,0.0,mg,LCCD,,,,,,,17.86,g,LCCS,0.143,mg,LCCD,,,,,,,3.57,g,LCCS,32.14,g,LCCS,,,,,,,,,,False,False,False,False,False,False,True,False,False,False,False,False,False,False
45057593,"BIONATURAE, ORGANIC SPAGHETTINI",LI,2017-07-14 20:00:56,ORGANIC WHOLE DURUM WHEAT FLOUR.,57.0,g,2.0,ONZ,,,,,,,,,,,61.4,g,LCCS,,,,,,,0.0,mg,LCCD,,,,,,,,,,,,,10.5,g,LCCS,,,,,,,,,,,,,,,,,,,0.0,mg,LCCD,,,,,,,,,,0.0,g,LCCS,,,,,,,,,,,,,,,,,,,,,,1.75,g,LCCS,,,,,,,0.0,mg,LCCD,,,,,,,,,,,,,,,,,,,,,,,,,,,,,,,,,,12.28,g,LCCS,,,,,,,316.0,kcal,LCCS,,,,,,,,,,,,,,,,,,,,,,,,,,,,,,,,,,,,,,,,,,,,,,,,,,,,,,,,,,0.0,IU,LCCD,,,,,,,,,,,,,,,,,,,,,,,,,,,,,,,,,,3.16,mg,LCCD,,,,35.0,mg,LCCD,,,,,,,,,,,,,,,,,,,0.0,g,LCCD,2.63,g,LCCS,,,,,,,,,,False,False,False,False,True,False,False,False,False,False,False,False,False,False
45356498,LIGHT MULTIGRAIN BREAD,LI,2018-03-10 20:30:37,"WHOLE WHEAT FLOUR, WATER, WHEAT GLUTEN, CELLULOSE FIBER, MODIFIED WHEAT STARCH, WHOLE GRAINS (OATS, WHEAT, BARLEY, TRITICALE, RYE, AMARANTH), YEAST, SUGAR, SALT, MOLASSES, PRESERVATIVES (CALCIUM PROPIONATE, SORBIC ACID), GRAIN VINEGAR, NATURAL FLAVOR, DATEM, SOYBEAN OIL, CELLULOSE GUM, MONOGLYCERIDES, WHEAT GERM, FLAXSEED, HONEY SOLIDS, CORNMEAL, MONOCALCIUM PHOSPHATE, REB A (STEVIA LEAF SWEETENER), SOY LECITHIN, CALCIUM SULFATE, CITRIC ACID, POTASSIUM IODATE.",44.0,g,2.0,SLICES,,,,,,,,,,,40.91,g,LCCS,,,,,,,386.0,mg,LCCS,,,,,,,,,,,,,9.1,g,LCCS,,,,159.0,mg,LCCS,,,,,,,,,,,,,0.0,mg,LCCD,,,,,,,,,,0.0,g,LCCS,,,,,,,,,,,,,,,,,,,,,,2.27,g,LCCS,,,,,,,,,,,,,,,,,,,,,,,,,,,,,,,,,,,,,,,,0.0,IU,LCCD,11.36,g,LCCS,,,,,,,182.0,kcal,LCCS,,,,,,,,,,,,,,,,,,,,,,,,,,,,,,,,,,,,,,,,,,,,,,,,,,,,,,,,,,,,,2.3,g,LCCS,,,,,,,,,,,,,,,,,,,0.0,g,LCCS,,,,,,,,,,2.05,mg,LCCS,,,,114.0,mg,LCCS,,,,,,,0.0,g,LCCS,,,,,,,,,,0.0,g,LCCD,2.27,g,LCCS,,,,,,,,,,False,True,False,False,True,True,True,False,False,False,False,False,False,False
45356490,CREAMY HORSERADISH SAUCE WITH DILL,LI,2018-03-10 20:30:52,"COTTONSEED OIL, WATER, PASSOVER VINEGAR, SUGAR, HORSERADISH, EGG YOLKS, SALT, DILL, XANTHAN GUM, CALCIUM DISODIUM EDTA (TO PRESERVE FLAVOR), AND SODIUM BENZOATE.",5.0,g,1.0,tsp,,,,,,,,,,,20.0,g,LCCS,,,,,,,300.0,mg,LCCS,,,,,,,,,,,,,0.0,g,LCCD,,,,,,,,,,,,,,,,,,,100.0,mg,LCCS,,,,,,,,,,,,,,,,,,,,,,,,,,,,,,,,,,20.0,g,LCCS,,,,,,,,,,,,,,,,,,,,,,,,,,,,,,,,,,,,,,,,,,,0.0,g,LCCS,,,,,,,400.0,kcal,LCCS,,,,,,,,,,,,,,,,,,,,,,,,,,,,,,,,,,,,,,,,,,,,,,,,,,,,,,,,,,,,,,,,,,,,,,,,,,,,,,,,,,,,,,,,,,,,,,,,,,,,,,,,,,,,,,,,,,,,,,,,,0.0,g,LCCD,40.0,g,LCCS,,,,,,,,,,True,False,False,False,False,False,True,False,True,False,False,False,False,False
45356491,SPELT MATZOS,LI,2018-03-10 20:29:12,"ORGANIC UNBLEACHED, UNBROMATED PASSOVER *SPELT FLOUR, AND WATER.",28.0,g,1.0,MATZO,,,,,,,,,,,53.57,g,LCCS,,,,,,,0.0,mg,LCCD,,,,,,,,,,,,,7.1,g,LCCS,,,,,,,,,,,,,,,,,,,0.0,mg,LCCD,,,,,,,,,,0.0,g,LCCS,,,,,,,,,,,,,,,,,,,,,,0.0,g,LCCS,,,,,,,0.0,mg,LCCD,,,,,,,,,,,,,,,,,,,,,,,,,,,,,,,,,,7.14,g,LCCS,,,,,,,286.0,kcal,LCCS,,,,,,,,,,,,,,,,,,,,,,,,,,,,,,,,,,,,,,,,,,,,,,,,,,,,,,,,,,0.0,IU,LCCD,,,,,,,,,,,,,,,,,,,,,,,,,,,,,,,,,,2.57,mg,LCCD,,,,0.0,mg,LCCD,,,,,,,,,,,,,,,,,,,0.0,g,LCCD,1.79,g,LCCS,,,,,,,,,,False,False,False,False,False,False,False,False,False,False,False,False,False,False
45063947,MARINADE TANDOORI,LI,2017-10-04 22:43:25,"WATER, GINGER, TAMARIND, SALT, CORIANDER, GARLIC POWDER, CUMIN, ACETIC ACID, PAPRIKA (COLOR), SPICES, LACTIC ACID.",35.0,g,2.0,Tbsp,,,,,,,,,,,17.14,g,LCCS,,,,,,,2257.0,mg,LCCS,,,,,,,,,,,,,5.7,g,LCCS,,,,,,,,,,,,,,,,,,,0.0,mg,LCCD,,,,,,,,,,0.0,g,LCCS,,,,,,,,,,,,,,,,,,,,,,5.71,g,LCCS,,,,,,,0.0,mg,LCCD,,,,,,,,,,,,,,,,,,,,,,,,,,,,,,,,,,2.86,g,LCCS,,,,,,,100.0,kcal,LCCS,,,,,,,,,,,,,,,,,,,,,,,,,,,,,,,,,,,,,,,,,,,,,,,,,,,,,,,,,,0.0,IU,LCCD,,,,,,,,,,,,,,,,,,,,,,,,,,,,,,,,,,0.0,mg,LCCD,,,,0.0,mg,LCCD,,,,,,,,,,,,,,,,,,,0.0,g,LCCD,2.86,g,LCCS,,,,,,,,,,False,False,False,False,False,True,True,False,False,False,False,False,False,False
45357728,FLAVORED MARSHMALLOW,LI,2018-03-10 20:08:39,"MARSHMALLOW: SUGAR, CORN SYRUP, GELATIN, CONTAINS LESS THAN 0.5% OF THE FOLLOWING: NATURAL AND ARTIFICIAL FLAVORS, POTASSIUM SORBATE (A PRESERVATIVE), CARNAUBA WAX. MILK CHOCOLATE: SUGAR, COCOA BUTTER, WHOLE MILK, CHOCOLATE LIQUOR, NON FAT DRY MILK, SOY LECITHIN (AN EMULSIFIER), VANILLIN (AN ARTIFICIAL FLAVOR). CARAMEL FILLING: CORN SYRUP, SWEETENED CONDENSED SKIM MILK (SKIM MILK, SUGAR), PALM OIL, WATER, SUGAR, GLYCERIN, BUTTER (CREAM, SALT), PECTIN, SALT, CARRAGEENAN, SOY LECITHIN (AN EMULSIFIER), POTASSIUM SORBATE (A PRESERVATIVE), DISODIUM PHOSPHATE, NATURAL AND ARTIFICIAL FLAVORS, VITAMIN E (MIXED TOCOPHEROLS FROM SOY) AS AN ANTIOXIDENT.",49.0,g,3.0,CHICKS,,,,,,,,,,,73.47,g,LCCS,,,,,,,71.0,mg,LCCS,,,,,,,,,,,,,0.0,g,LCCD,,,,,,,,,,,,,,,,,,,10.0,mg,LCCS,,,,,,,,,,0.0,g,LCCS,,,,,,,,,,,,,,,,,,,,,,63.27,g,LCCS,,,,,,,,,,,,,,,,,,,,,,,,,,,,,,,,,,,,,,,,0.0,IU,LCCD,2.04,g,LCCS,,,,,,,388.0,kcal,LCCS,,,,,,,,,,,,,,,,,,,,,,,,,,,,,,,,,,,,,,,,,,,,,,,,,,,,,,,,,,,,,61.2,g,LCCS,,,,,,,,,,,,,,,,,,,,,,,,,,,,,,,0.0,mg,LCCD,,,,41.0,mg,LCCD,,,,,,,,,,,,,,,,,,,6.12,g,LCCS,9.18,g,LCCS,,,,,,,,,,True,True,False,False,False,False,True,False,True,True,False,False,False,False
45357724,100% JUICE PUNCH,LI,2018-04-10 23:48:08,"FILTERED WATER, APPLE JUICE CONCENTRATE, PEAR JUICE CONCENTRATE, GRAPE JUICE CONCENTRATE, TANGERINE JUICE CONCENTRATE, NATURAL FLAVOR, ASCORBIC ACID (VITAMIN C), CITRIC ACID.",240.0,ml,8.0,OZA,,,,,,,,,,,11.67,g,LCCS,,,,,,,12.0,mg,LCCS,,,,,,,,,,,,,,,,,,,92.0,mg,LCCS,,,,,,,,,,,,,,,,,,,,,,,,,,,,,,,,,,,,,,,,,,,,,,,,,10.83,g,LCCS,,,,,,,30.0,mg,LCCS,,,,,,,,,,,,,,,,,,,,,,,,,,,,,,,,,,0.0,g,LCCS,,,,,,,50.0,kcal,LCCS,,,,,,,,,,,,,,,,,,,,,,,,,,,,,,,,,,,,,,,,,,,,,,,,,,,,,,,,,,,,,,,,,,,,,,,,,,,,,,,,,,,,,,,,,,,,,,0.0,mg,LCCD,,,,0.0,mg,LCCD,,,,,,,,,,,,,,,,,,,,,,0.0,g,LCCD,,,,,,,,,,False,False,False,False,False,True,True,False,False,False,False,False,False,False
45112296,FALL TREE CAKES,LI,2017-07-14 20:32:31,"SUGAR, CORN SYRUP, ENRICHED BLEACHED FLOUR (WHEAT FLOUR, NIACIN, REDUCED IRON, THIAMIN MONONITRATE [VITAMIN B1], RIBOFLAVIN [VITAMIN B2], FOLIC ACID), WATER, PALM AND PALM KERNEL OIL, VEGETABLE SHORTENING (HYDROGENATED SOYBEAN AND COTTONSEED OIL, PARTIALLY HYDROGENATED SOYBEAN AND COTTONSEED OIL, SOYBEAN OIL CANOLA OIL AND/OR PALM OIL, WITH TBHQ AND CITRIC ACID TO PRESERVE FRESHNESS), DEXTROSE, COCOA, SOYBEAN OIL, CONTAINS 2% OR LESS OF EACH OF THE FOLLOWING: SOY FLOUR, TOPPERS (SUGAR, RICE FLOUR, PARTIALLY HYDROGENATED COTTONSEED AND/OR SOYBEAN OILS, PALM AND PALM KERNEL OIL, CORN STARCH, GUM ARABIC, CELLULOSE GUM, CONFECTIONER'S GLAZE, CARRAGEENAN, RED 40, SOY LECITHIN, YELLOW 6, RED 3, ARTIFICIAL FLAVOR, YELLOW 5, BLUE 1), EGG WHITES, WHEY (MILK), LEAVENING (BAKING SODA, SODIUM ALUMINUM PHOSPHATE), EMULSIFIERS (SORBITAN MONOSTEARATE, SOY LECITHIN, MONO- AND DIGLYCERIDES, POLYSORBATE 60, POLYSORBATE 80), COLORS (CARAMEL COLOR, TURMERIC, RED 40, ANNATTO EXTRACT), SALT, CORN STARCH, SORBIC ACID (TO RETAIN FRESHNESS), NATURAL AND ARTIFICIAL FLAVORS, CITRIC ACID, POTATO STARCH.",42.0,g,1.0,CAKE,,,,,,,,,,,66.67,g,LCCS,,,,,,,202.0,mg,LCCS,,,,,,,,,,,,,2.4,g,LCSL,,,,,,,,,,,,,,,,,,,0.0,mg,LCCD,,,,,,,,,,0.0,g,LCCS,,,,,,,,,,,,,,,,,,,,,,42.86,g,LCCS,,,,,,,0.0,mg,LCCD,,,,,,,,,,,,,,,,,,,,,,,,,,,,,,,,,,2.38,g,LCCS,,,,,,,429.0,kcal,LCCS,,,,,,,,,,,,,,,,,,,,,,,,,,,,,,,,,,,,,,,,,,,,,,,,,,,,,,,,,,0.0,IU,LCCD,,,,,,,,,,,,,,,,,,,,,,,,,,,,,,,,,,1.71,mg,LCCD,,,,0.0,mg,LCCD,,,,,,,,,,,,,,,,,,,9.52,g,LCCS,16.67,g,LCCS,,,,,,,,,,True,True,False,False,True,False,True,False,True,True,False,False,False,False
45090027,"IGA, SALAD STYLE OLIVES",LI,2017-06-25 09:54:03,"MANZANILLA OLIVES, WATER, MINCED PIMENTO (PIMENTO, SODIUM ALGINATE, GUAR GUM, CALCIUM CHLORIDE, POTASSIUM SORBATE AS A PRESERVATIVE), SALT AND LACTIC ACID.",15.0,g,2.0,Tbsp,,,,,,,,,,,6.67,g,LCSL,,,,,,,2333.0,mg,LCCS,,,,,,,,,,,,,,,,,,,,,,,,,,,,,,,,,,0.0,mg,LCCD,,,,,,,,,,0.0,g,LCCS,,,,,,,,,,,,,,,,,,,,,,,,,,,,,,,,,,,,,,,,,,,,,,,,,,,,,,,,,,,,,,,,,,,0.0,g,LCCS,,,,,,,167.0,kcal,LCCS,,,,,,,,,,,,,,,,,,,,,,,,,,,,,,,,,,,,,,,,,,,,,,,,,,,,,,,,,,,,,,,,,,,,,,,,,,,,,,,,,,0.0,g,LCCS,,,,,,,,,,,,,,,,,,,,,,,,,6.67,g,LCCS,,,,,,,,,,3.33,g,LCCS,16.67,g,LCCS,,,,,,,,,,False,False,False,False,False,True,True,False,False,False,False,False,False,False
45282541,PREMIUM LIGHT & CREAMY ICE CREAM,LI,2018-02-16 22:10:22,"NONFAT MILK, SUGAR, CREAM, FUDGE MARBLE [POWDERED SUGAR [SUGAR, CORNSTARCH], VEGETABLE OIL [PEANUT AND/OR COTTONSEED AND/OR PALM OIL], COCOA PROCESSED WITH ALKALI, WHEY, SOY LECITHIN, SALT, NATURAL FLAVOR), MILK, CORN SYRUP, PEANUT BUTTER CUPS (SUGAR, PEANUT BUTTER [PEANUTS, SALT], COCONUT OIL, NONFAT MILK, WHOLE MILK, COCOA PROCESSED WITH ALKALI), WHEY CHOCOLATE LIQUOR, TAPIOCA STARCH, GUAR GUM, MONO AND DIGLYCERIDES, TARA GUM, CELLULOSE GUM, POLYSORBATE 80, XANTHAN GUM, CARRAGEENAN, VITAMIN A PALMITATE.",60.0,g,0.5,cup,,,,,,,,,,,31.67,g,LCCS,,,,,,,108.0,mg,LCCS,,,,,,,,,,,,,1.7,g,LCCS,,,,,,,,,,,,,,,,,,,17.0,mg,LCCS,,,,,,,,,,0.0,g,LCCS,,,,,,,,,,,,,,,,,,,,,,25.0,g,LCCS,,,,,,,0.0,mg,LCCD,,,,,,,,,,,,,,,,,,,,,,,,,,,,,,,,,,5.0,g,LCCS,,,,,,,233.0,kcal,LCCS,,,,,,,,,,,,,,,,,,,,,,,,,,,,,,,,,,,,,,,,,,,,,,,,,,,,,,,,,,167.0,IU,LCCD,,,,,,,,,,,,,,,,,,,,,,,,,,,,,,,,,,1.2,mg,LCCD,,,,133.0,mg,LCCD,,,,,,,,,,,,,,,,,,,5.0,g,LCCS,10.0,g,LCCS,,,,,,,,,,True,True,True,False,False,False,True,True,True,False,False,False,False,False
45005281,STRAWBERRY PREESERVES,LI,2017-11-01 19:55:52,"WATER**, STRAWBERRIES+, POLYDEXTROSE**, MALTODEXTRIN**, PECTIN, CITRIC ACID, LOCUST BEAN GUM**, NATURAL FLAVOR**, POTASSIUM SORBATE AND SODIUM BENZOATE (PRESERVATIVES), SUCRALOSE (SPLENDA BRAND) (A NONNUTRITIVE SWEETENER)**, CALCIUM CHLORIDE**, RED 40**, BLUE#1**.",17.0,g,1.0,Tbsp,,,,,,,,,,,29.41,g,LCCS,,,,,,,0.0,mg,LCCD,,,,,,,,,,,,,0.0,g,LCCD,,,,59.0,mg,LCCS,,,,,,,,,,,,,0.0,mg,LCCD,,,,,,,,,,0.0,g,LCCS,,,,,,,,,,,,,,,,,,,,,,0.0,g,LCCS,,,,,,,0.0,mg,LCCD,,,,,,,,,,,,,,,,,,,,,,,,,,,,,,,,,,0.0,g,LCCS,,,,,,,59.0,kcal,LCCS,,,,,,,,,,,,,,,,,,,,,,,,,,,,,,,,,,,,,,,,,,,,,,,,,,,,,,,,,,0.0,IU,LCCD,,,,,,,,,,,,,,,,,,,,,,0.0,g,LCCS,,,,,,,,,,0.0,mg,LCCD,,,,0.0,mg,LCCD,,,,,,,0.0,g,LCCS,,,,,,,,,,0.0,g,LCCD,0.0,g,LCCD,,,,,,,,,,False,False,False,False,False,False,False,False,False,False,False,False,False,False
45360076,GOURMET GUMMIES,LI,2018-04-10 23:42:49,"ORGANIC TAPIOCA SYRUP, ORGANIC CANE SUGAR, GELATIN, CITRIC ACID, LACTIC ACID, ASCORBIC ACID, NATURAL FLAVOR, ORGANIC SUNFLOWER OIL, CARNAUBA WAX.",40.0,g,16.0,PIECES,,,,,,,,,,,72.5,g,LCCS,,,,,,,50.0,mg,LCCS,,,,,,,,,,,,,0.0,g,LCCD,,,,,,,,,,,,,,,,,,,0.0,mg,LCCD,,,,,,,,,,0.0,g,LCCS,,,,,,,,,,,,,,,,,,,,,,45.0,g,LCCS,,,,,,,150.0,mg,LCCD,,,,,,,,,,,,,,,,,,,,,,,,,,,,,,,,,,7.5,g,LCCS,,,,,,,325.0,kcal,LCCS,,,,,,,,,,,,,,,,,,,,,,,,,,,,,,,,,,,,,,,,,,,,,,,,,,,,,,,,,,0.0,IU,LCCD,,,,,,,,,,,,,,,,,,,,,,,,,,,,,,,,,,0.0,mg,LCCD,,,,0.0,mg,LCCD,,,,,,,,,,,,,,,,,,,0.0,g,LCCD,0.0,g,LCCD,,,,,,,,,,False,False,False,False,False,False,False,False,False,False,False,False,False,False
45202986,ANCHOVIES WITH GREEN OLIVES,LI,2017-10-13 12:37:42,"ANCHOVY (ENGRAULIDAE) FILLETS, GREEN OLIVES, SUNFLOWER OIL, VINEGAR, SALT, CITRIC ACID.",100.0,g,100.0,GRM,,,,,,,,,,,3.1,g,LCCS,,,,,,,700.0,mg,LCCS,,,,,,,,,,,,,1.5,g,LCCS,,,,,,,,,,,,,,,,,,,30.0,mg,LCCS,,,,,,,,,,0.0,g,LCCS,,,,,,,,,,,,,,,,,,,,,,0.0,g,LCCS,,,,,,,0.0,mg,LCCD,,,,,,,,,,,,,,,,,,,,,,,,,,,,,,,,,,10.5,g,LCCS,,,,,,,127.0,kcal,LCCS,,,,,,,,,,,,,,,,,,,,,,,,,,,,,,,,,,,,,,,,,,,,,,,,,,,,,,,,,,200.0,IU,LCCD,,,,,,,,,,,,,,,,,,,,,,,,,,,,,,,,,,3.24,mg,LCCD,,,,120.0,mg,LCCD,,,,,,,,,,,,,,,,,,,0.9,g,LCCS,8.4,g,LCCS,,,,,,,,,,False,False,False,False,False,True,False,False,False,False,False,False,False,False
45203630,"COOKED PERFECT, BITES BREADED BONELESS GLAZED CHICKEN FRITTERS WITH CHICKEN SKIN, CHEESY CHICKEN",LI,2017-07-14 18:13:04,"CHICKEN, WATER, BATTER MIX (WATER, YELLOW CORN FLOUR, WHEAT FLOUR, MODIFIED CORNSTARCH, SALT, BAKING POWDER, WHEAT STARCH, SPICES, YEAST EXTRACT, WHEY), PROCESS SWISS AND MONTEREY JACK CHEESE (CULTURED MILK, SALT, ENZYMES), CREAM, SODIUM PHOSPHATE, SORBIC ACID, SALT, ARTIFICIAL COLOUR), DRY CORN PANKO (ENRICHED WHEAT FLOUR, DEGERMED CORN FLOUR, PALM OIL, SALT, YEAST, MALTED BARLEY FLOUR, ASCORBIC ACID), SOYBEAN OIL, CHICKEN SKIN, PREDUST (WHEAT FLOUR, MODIFIED CORNSTARCH, SALT, BAKING POWDER, SPICES, YEAST EXTRACT, SPICE EXTRACTIVE), SEASONING (SOY PROTEIN ISOLATE, SKIM MILK SOLIDS, SALT, HYDROLYZED SOY AND WHEAT PROTEIN, SODIUM TRIPOLYPHOSPHATE, DEXTROSE, ONION POWDER, SPICE EXTRACTIVES), CHEESE FLAVOUR (DEHYDRATED BLEND OF CHEESES (GRANULAR AND BLUE (MILK, BACTERIAL CULTURE, SALT, ENZYMES)), WHEY, HYDROGENATED SOYBEAN OIL, WHEY PROTEIN CONCENTRATE, LACTOSE, MALTODEXTRIN, SALT, SODIUM PHOSPHATE, CITRIC ACID, LACTIC ACID, ARTIFICIAL COLOUR), MODIFIED CORNSTARCH, CORN SYRUP SOLIDS, GUAR GUM, NATURAL FLAVORS, CITRIC AICD, XANTHAN GUM, ANNATTO EXTRACT, POTASSIUM SORBATE AND SODIUM BENZOATE, SODIUM TRIPOLYPHOSPHATE.",71.0,g,5.0,BITES,,,,,,,,,,,14.08,g,LCCS,,,,,,,507.0,mg,LCCS,,,,,,,,,,,,,0.0,g,LCCD,,,,,,,,,,,,,,,,,,,35.0,mg,LCCS,,,,,,,,,,0.0,g,LCCS,,,,,,,,,,,,,,,,,,,,,,1.41,g,LCCS,,,,,,,0.0,mg,LCCD,,,,,,,,,,,,,,,,,,,,,,,,,,,,,,,,,,14.08,g,LCCS,,,,,,,254.0,kcal,LCCS,,,,,,,,,,,,,,,,,,,,,,,,,,,,,,,,,,,,,,,,,,,,,,,,,,,,,,,,,,282.0,IU,LCCD,,,,,,,,,,,,,,,,,,,,,,,,,,,,,,,,,,1.01,mg,LCCD,,,,56.0,mg,LCCD,,,,,,,,,,,,,,,,,,,4.93,g,LCCS,15.49,g,LCCS,,,,,,,,,,True,True,False,False,True,False,True,False,True,True,False,False,False,False
45055977,"CARRINGTON TEA, CAFFEINE FREE TEA BAGS, LEMON HERBAL",LI,2018-03-27 18:05:50,"LEMONGRASS, FENNEL (CRACKED), CHAMOMILE, NATURAL LEMON FLAVOR, LICORICE",1.2,g,1.0,TEA BAG,,,,,,,,,,,0.0,g,LCCD,,,,,,,0.0,mg,LCCD,,,,,,,,,,,,,,,,,,,,,,,,,,,,,,,,,,,,,,,,,,,,,,,,,,,,,,,,,,,,,,,,,,,,,,,,,,,,,,,,,,,,,,,,,,,,,,,,,,,,,,,,,,,,,,,,,,,0.0,g,LCCS,,,,,,,0.0,kcal,LCCS,,,,,,,,,,,,,,,,,,,,,,,,,,,,,,,,,,,,,,,,,,,,,,,,,,,,,,,,,,,,,,,,,,,,,,,,,,,,,,,,,,,,,,,,,,,,,,,,,,,,,,,,,,,,,,,,,,,,,,,,,0.0,g,LCCD,0.0,g,LCCD,,,,,,,,,,False,False,False,False,False,True,True,False,False,False,False,False,False,False
45184746,ICE CREAM,LI,2017-07-14 18:16:27,"SKIM MILK, CREAM, SALTY CARAMEL RIPPLE (CORN SYRUP, WATER, SWEETENED CONDENSED MILK [CONDENSED MILK, SUGAR], SWEETENED CONDENSED SKIM MILK [CONDENSED SKIM MILK, SUGAR], SUGAR, SEA SALT, PECTIN, XANTHAN GUM, BAKING SODA), SUGAR, CARAMEL SEA SALT TRUFFLE (SUGAR, COCONUT OIL, SWEETENED CONDENSED MILK [MILK, SUGAR], CORN SYRUP, SKIM MILK, MILK, COCOA PROCESSED WITH ALKALI, WATER, CREAM, BUTTER [CREAM, SALT], SEA SALT, SOY LECITHIN, NATURAL FLAVORS), CORN SYRUP, CONTAINS 2% OR LESS OF NATURAL FLAVORS, DISODIUM PHOSPHATE, CARAMEL (COLOR), LOCUST BEAN GUM, GUAR GUM, CARRAGEENAN.",87.0,g,0.5,cup,,,,,,,,,,,33.33,g,LCCS,,,,,,,172.0,mg,LCCS,,,,,,,,,,,,,0.0,g,LCCD,,,,161.0,mg,LCCS,,,,,,,,,,,,,46.0,mg,LCCS,,,,,,,,,,0.0,g,LCCS,,,,,,,,,,,,,,,,,,,,,,27.59,g,LCCS,,,,,,,0.0,mg,LCCD,,,,,,,,,,,,,,,,,,,,,,,,,,,,,,,,,,5.75,g,LCCS,,,,,,,264.0,kcal,LCCS,,,,,,,,,,,,,,,,,,,,,,,,,,,,,,,,,,,,,,,,,,,,,,,,,,,,,,,,,,345.0,IU,LCCD,,,,,,,,,,,,,,,,,,,,,,0.0,g,LCCS,,,,,,,,,,0.0,mg,LCCD,,,,92.0,mg,LCCD,,,,,,,3.45,g,LCCS,,,,,,,,,,9.2,g,LCCS,12.64,g,LCCS,,,,,,,,,,True,True,False,False,False,False,True,False,True,False,False,False,False,False
45177894,FINELY SHREDDED MEXICAN BLEND NATURAL CHEESE,LI,2017-07-14 18:19:23,"MONTEREY JACK CHEESE (PASTEURIZED MILK, CHEESE CULTURE, SALT, ENZYMES), CHEDDAR CHEESE (PASTEURIZED MILK, CHEESE CULTURE, SALT, ENZYMES, ANNATTO COLOR), QUESO QUESADILLA CHEESE (PASTEURIZED MILK, CHEESE CULTURE, SALT, ENZYMES, VINEGAR), ASADERO CHEESE (PASTEURIZED MILK, CHEESE CULTURE, SALT, ENZYMES, LACTIC ACID), ANTICAKING AGENT (POTATO STARCH, CORN STARCH, CALCIUM SULFATE) AND NATAMYCIN (NATURAL MOLD INHIBITOR).",28.0,g,0.25,cup,,,,,,,,,,,7.14,g,LCCS,,,,,,,679.0,mg,LCCS,,,,,,,,,,,,,0.0,g,LCCD,,,,,,,,,,,,,,,,,,,107.0,mg,LCCS,,,,,,,,,,0.0,g,LCCS,,,,,,,,,,,,,,,,,,,,,,0.0,g,LCCS,,,,,,,0.0,mg,LCCD,,,,,,,,,,,,,,,,,,,,,,,,,,,,,,,,,,21.43,g,LCCS,,,,,,,393.0,kcal,LCCS,,,,,,,,,,,,,,,,,,,,,,,,,,,,,,,,,,,,,,,,,,,,,,,,,,,,,,,,,,1071.0,IU,LCCD,,,,,,,,,,,,,,,,,,,,,,,,,,,,,,,,,,0.0,mg,LCCD,,,,714.0,mg,LCCD,,,,,,,,,,,,,,,,,,,21.43,g,LCCS,32.14,g,LCCS,,,,,,,,,,True,False,False,False,False,False,True,False,True,False,False,False,False,False
45121066,"MEIJI, BISCUITS WITH STRAWBERRY CREME, STRAWBERRY CREME",LI,2018-04-24 02:56:48,"ENRICHED FLOUR (WHEAT FLOUR, NIACIN, REDUCED IRON, THIAMINE MONONITRATE [VITAMIN B1], RIBOFLAVIN [VITAMIN B2], FOLIC ACID), VEGETABLE OIL, PALM AND SOYBEAN, SUGAR, WHEY POWDER, LACTOSE POWDER, CONTAINS LESS THAN 2% OF BAKING SODA (FOR LEAVENING), BEET, JUICE (COLOR), CARAMEL COLOR, CITRIC ACID, EMULSIFIERS (SORBITAN TRISTEARATE, SOY LECITHIN, SUCROSE ESTERS OF FATTY ACIDS), MALT SYRUP, NATURAL AND ARTIFICIAL FLAVORS, SALT, SEASONING (MALTODEXTRIN, HYDROLYZED SOY PROTEIN, GREEK YOGURT POWDER, DISODIUM INOSINATE AND DISODIUM GUANYLATE), STRAWBERRY POWDER, WHOLE MILK POWDER, YEAST EXTRACT.",30.0,g,10.0,PIECES,,,,,,,,,,,60.0,g,LCCS,,,,,,,333.0,mg,LCCS,,,,,,,,,,,,,3.3,g,LCSL,,,,,,,,,,,,,,,,,,,0.0,mg,LCCD,,,,,,,,,,0.0,g,LCCS,,,,,,,,,,,,,,,,,,,,,,30.0,g,LCCS,,,,,,,0.0,mg,LCCD,,,,,,,,,,,,,,,,,,,,,,,,,,,,,,,,,,6.67,g,LCCS,,,,,,,533.0,kcal,LCCS,,,,,,,,,,,,,,,,,,,,,,,,,,,,,,,,,,,,,,,,,,,,,,,,,,,,,,,,,,0.0,IU,LCCD,,,,,,,,,,,,,,,,,,,,,,,,,,,,,,,,,,2.4,mg,LCCD,,,,67.0,mg,LCCD,,,,,,,,,,,,,,,,,,,16.67,g,LCCS,30.0,g,LCCS,,,,,,,,,,True,True,False,False,True,True,True,False,True,True,False,False,False,False
45333318,PANKO BREADED PORK,LI,2017-11-15 18:17:26,"PORK, WATER, FLOUR (BLEACHED WHEAT FLOUR, MALTED BARLEY FLOUR, NIACIN, REDUCED IRON, THIAMINE MONONITRATE, RIBOFLAVIN, FOLIC ACID), EGGS, PANKO WHOLE WHEAT BREAD CRUMBS (WHOLE WHEAT FLOUR, SUGAR, YEAST, CANOLA OIL, SALT), ROTISSERIE SEASONING (RICE FLOUR, CHICKEN FLAVOR VEGETARIAN, DEXTROSE GMO FREE, ONION GRANULATED, GARLIC GRANULATED, WORCESTERSHIRE POWDER, MUSTARD FLOUR, SOY SAUCE POWDER, CORIANDER, WHITE PEPPER, CELERY SEED, BAY LEAVE, FENNEL SEED), PANKO BREAD CRUMBS (WHEAT FLOUR, SUGAR, SUNFLOWER OIL, SALT, LESS THAN 2% OF EACH OF THE FOLLOWING: YEAST, CARAMEL COLOR), UNSALTED BUTTER (SWEET CREAM, NATURAL FLAVORING), SALT, SODIUM POLYPHOSPHATE, BLACK PEPPER.",156.0,g,156.0,GRM,,,,,,,,,,,6.41,g,LCCS,,,,,,,609.0,mg,LCCS,,,,,,,,,,,,,0.0,g,LCCD,,,,250.0,mg,LCCS,,,,,,,,,,,,,51.0,mg,LCCS,,,,,,,,,,0.0,g,LCCS,,,,,,,,,,,,,,,,,,,,,,0.0,g,LCCS,,,,,,,,,,,,,,,,,,,,,,,,,,,,,,,,,,,,,,,,0.0,IU,LCCD,16.03,g,LCCS,,,,,,,154.0,kcal,LCCS,,,,,,,,,,,,,,,,,,,,,,,,,,,,,,,,,,,,,,,,,,,,,,,,,,,,,,,,,,,,,,,,,,,,,,,,,,,,,,,,,,,,,,,,,,,,,,0.64,mg,LCCS,,,,5.0,mg,LCCS,,,,,,,,,,,,,,,,,,,2.56,g,LCCS,6.41,g,LCCS,,,,,,,,,,True,True,False,False,True,True,True,False,True,True,True,False,False,False
45362697,THINLY SLICED SHAVED BEEF STEAK,LI,2018-02-07 02:46:57,,112.0,g,4.0,ONZ,,,,,,,,,,,0.0,g,LCCD,,,,,,,76.0,mg,LCCS,,,,,,,,,,,,,0.0,g,LCCD,,,,,,,,,,,,,,,,,,,67.0,mg,LCCS,,,,,,,,,,0.0,g,LCCS,,,,,,,,,,,,,,,,,,,,,,0.0,g,LCCS,,,,,,,0.0,mg,LCCD,,,,,,,,,,,,,,,,,,,,,,,,,,,,,,,,,,19.64,g,LCCS,,,,,,,161.0,kcal,LCCS,,,,,,,,,,,,,,,,,,,,,,,,,,,,,,,,,,,,,,,,,,,,,,,,,,,,,,,,,,0.0,IU,LCCD,,,,,,,,,,,,,,,,,,,,,,,,,,,,,,,,,,2.41,mg,LCCD,,,,18.0,mg,LCCD,,,,,,,,,,,,,,,,,,,3.12,g,LCCS,8.93,g,LCCS,,,,,,,,,,False,False,False,False,False,False,False,False,False,False,False,False,False,False
45190362,CORN MUFFIN,LI,2018-03-03 06:04:34,"SUGAR, BLEACHED WHEAT FLOUR ENRICHED (WHEAT FLOUR, MALTED BARLEY FLOUR, NIACIN, REDUCED IRON, THIAMINE MONONITRATE, RIBOFLAVIN, FOLIC ACID, ASCORBIC ACID), EGGS, SOYBEAN OIL, WATER, YELLOW CORN FLOUR, DRY MILK, BAKING POWDER, FOOD STARCH, INVERT SUGAR, POTASSIUM SORBATE, SALT, SODIUM STEAROYL LACTYLATE, XANTHAN GUM, GUAR GUM, GLUCONO DELTA LACTONE, NATURAL & ARTIFICIAL FLAVORS.",78.0,g,0.5,MUFFIN | ABOUT,,,,,,,,,,,38.46,g,LCCS,,,,,,,340.0,mg,LCCS,,,,,,,,,,,,,0.0,g,LCCD,,,,,,,,,,,,,,,,,,,100.0,mg,LCCS,,,,,,,,,,0.0,g,LCCS,,,,,,,,,,,,,,,,,,,,,,34.62,g,LCCS,,,,,,,0.0,mg,LCCD,,,,,,,,,,,,,,,,,,,,,,,,,,,,,,,,,,3.85,g,LCCS,,,,,,,353.0,kcal,LCCS,,,,,,,,,,,,,,,,,,,,,,,,,,,,,,,,,,,,,,,,,,,,,,,,,,,,,,,,,,128.0,IU,LCCD,,,,,,,,,,,,,,,,,,,,,,,,,,,,,,,,,,0.69,mg,LCCD,,,,154.0,mg,LCCD,,,,,,,,,,,,,,,,,,,3.21,g,LCCS,21.79,g,LCCS,,,,,,,,,,True,True,False,False,True,False,True,False,True,False,False,False,False,False
45239916,COCKTAIL BLEND FROM CONCENTRATE,LI,2018-04-19 22:49:49,"FILTERED WATER, GRAPE JUICE CONCENTRATE, APPLE JUICE CONCENTRATE, CRANBERRY JUICE CONCENTRATE, NATURAL FLAVORS, CITRIC ACID, FUMARIC ACID, ASCORBIC ACID (VITAMIN C), ACESULFAME POTASSIUM, SUCRALOSE (SPLENDA BRAND).",240.0,ml,8.0,OZA,,,,,,,,,,,1.67,g,LCCS,,,,,,,6.0,mg,LCCS,,,,,,,,,,,,,,,,,,,6.0,mg,LCCS,,,,,,,,,,,,,0.0,mg,LCCD,,,,,,,,,,,,,,,,,,,,,,,,,,,,,,,,,,1.67,g,LCCS,,,,,,,25.0,mg,LCCD,,,,,,,,,,,,,,,,,,,,,,,,,,,,,,,,,,0.0,g,LCCS,,,,,,,6.0,kcal,LCCS,,,,,,,,,,,,,,,,,,,,,,,,,,,,,,,,,,,,,,,,,,,,,,,,,,,,,,,,,,0.0,IU,LCCD,,,,,,,,,,,,,,,,,,,,,,,,,,,,,,,,,,0.0,mg,LCCD,,,,0.0,mg,LCCD,,,,,,,,,,,,,,,,,,,,,,0.0,g,LCCD,,,,,,,,,,False,False,False,False,False,True,True,False,False,False,False,False,False,False
45356532,TERIYAKI 30 MINUTE MARINADE,LI,2018-06-02 18:13:10,"WATER, HIGH FRUCTOSE CORN SYRUP, SALT, SOY SAUCE (WATER, WHEAT, SOYBEAN, SALT), PINEAPPLE CONCENTRATE, SAKE, VINEGAR, LESS THAN 2%: CARAMEL COLOR, MODIFIED FOOD STARCH, SPICES, CITRIC ACID, XANTHAN GUM, SODIUM BENZOATE (PRESERVATIVE), GARLIC POWDER.",15.0,ml,1.0,Tbsp,,,,,,,,,,,33.33,g,LCCS,,,,,,,3800.0,mg,LCCS,,,,,,,,,,,,,0.0,g,LCCD,,,,,,,,,,,,,,,,,,,0.0,mg,LCCD,,,,,,,,,,0.0,g,LCCS,,,,,,,,,,,,,,,,,,,,,,26.67,g,LCCS,,,,,,,8.0,mg,LCCD,,,,,,,,,,,,,,,,,,,,,,,,,,,,,,,,,,0.0,g,LCCS,,,,,,,133.0,kcal,LCCS,,,,,,,,,,,,,,,,,,,,,,,,,,,,,,,,,,,,,,,,,,,,,,,,,,,,,,,,,,0.0,IU,LCCD,,,,,,,,,,,,,,,,,,,,,,,,,,,,,,,,,,0.0,mg,LCCD,,,,0.0,mg,LCCD,,,,,,,,,,,,,,,,,,,0.0,g,LCCD,0.0,g,LCCD,,,,,,,,,,False,True,False,False,True,True,True,False,False,False,False,False,False,False
45331810,THREE CHEESE BAKED ZITI,LI,2017-11-01 22:12:35,"MILK (MILK, CREAM), PASTA (DURUM SEMOLINA), WATER, MOZZARELLA CHEESE (PASTEURIZED MILK, CHEESE CULTURE, SALT, ENZYMES), PARMESAN CHEESE (PASTEURIZED PART SKIM COW'S MILK, CHEESE CULTURES, SALT, ENZYMES), WHITE WINE, ONIONS, NATURAL CHICKEN BROTH BASE (ROASTED CHICKEN STOCK, SALT, NATURAL CHICKEN FLAVOR [YEAST EXTRACT, NATURAL FLAVOR, DRIED CHICKEN], CHICKEN FAT, CANE SUGAR, NATURAL FLAVOR, SPICE EXTRACTIVES INCLUDING TURMERIC), BUTTER (CREAM), GARLIC, IMPORTED ROMANO CHEESE (PASTEURIZED SHEEP'S MILK, CULTURES, RENNET, SALT), CORN STARCH, BASIL, SALT.",227.0,g,1.0,CUP,,,,,,,,,,,19.38,g,LCCS,,,,,,,308.0,mg,LCCS,,,,,,,,,,,,,0.9,g,LCCS,,,,,,,,,,,,,,,,,,,20.0,mg,LCCS,,,,,,,,,,0.0,g,LCCS,,,,,,,,,,,,,,,,,,,,,,0.44,g,LCSL,,,,,,,0.0,mg,LCCD,,,,,,,,,,,,,,,,,,,,,,,,,,,,,,,,,,7.49,g,LCCS,,,,,,,159.0,kcal,LCCS,,,,,,,,,,,,,,,,,,,,,,,,,,,,,,,,,,,,,,,,,,,,,,,,,,,,,,,,,,220.0,IU,LCCD,,,,,,,,,,,,,,,,,,,,,,,,,,,,,,,,,,0.48,mg,LCCD,,,,132.0,mg,LCCD,,,,,,,,,,,,,,,,,,,3.08,g,LCCS,5.73,g,LCCS,,,,,,,,,,True,False,False,False,False,False,True,False,True,True,False,False,False,False
45126759,MUENSTER CHEESE,LI,2017-10-06 05:23:51,"PASTEURIZED MILK, CHEESE CULTURE, SALT, VEGETABLE ENZYMES, ANNATTO (COLOR) ADDED TO RIND.",28.0,g,1.0,ONZ,,,,,,,,,,,3.57,g,LCSL,,,,,,,643.0,mg,LCCS,,,,,,,,,,,,,0.0,g,LCCS,,,,,,,,,,,,,,,,,,,89.0,mg,LCCS,,,,,,,,,,0.0,g,LCCS,,,,,,,,,,,,,,,,,,,,,,0.0,g,LCCS,,,,,,,,,,,,,,,,,,,,,,,,,,,,,,,,,,,,,,,,,,,25.0,g,LCCS,,,,,,,393.0,kcal,LCCS,,,,,,,,,,,,,,,,,,,,,,,,,,,,,,,,,,,,,,,,,,,,,,,,,,,,,,,,,,1071.0,IU,LCCD,,,,,,,,,,,,,,,,,,,,,,,,,,,,,,,,,,,,,,,,536.0,mg,LCCD,,,,,,,,,,,,,,,,,,,21.43,g,LCCS,32.14,g,LCCS,,,,,,,,,,True,False,False,False,False,False,True,False,True,False,False,False,False,False
45086625,"FULL CIRCLE, ORGANIC SPICY BROWN MUSTARD",LI,2018-03-11 05:34:49,"ORGANIC APPLE CIDER VINEGAR, FILTERED WATER, ORGANIC WHOLE MUSTARD SEED, SEA SALT.",5.0,g,1.0,tsp,,,,,,,,,,,0.0,g,LCCD,,,,,,,1500.0,mg,LCCS,,,,,,,,,,,,,,,,,,,,,,,,,,,,,,,,,,,,,,,,,,,,,,,,,,,,,,,,,,,,,,,,,,,,,,,,,,,,,,,,,,,,,,,,,,,,,,,,,,,,,,,,,,,,,,,,,,,0.0,g,LCCD,,,,,,,0.0,kcal,LCCS,,,,,,,,,,,,,,,,,,,,,,,,,,,,,,,,,,,,,,,,,,,,,,,,,,,,,,,,,,,,,,,,,,,,,,,,,,,,,,,,,,,,,,,,,,,,,,,,,,,,,,,,,,,,,,,,,,,,,,,,,,,,0.0,g,LCCD,,,,,,,,,,False,False,False,False,False,True,False,False,False,False,False,False,False,False
45274971,GIFT SET CANDY,LI,2017-07-14 20:19:00,"SUGAR, CORN SYRUP, CITRIC ACID, COLOR ADDED, NATURAL & ARTIFICIAL FLAVOR AND RED 40.",6.0,g,1.0,PIECE,,,,,,,,,,,83.33,g,LCCS,,,,,,,0.0,mg,LCCD,,,,,,,,,,,,,0.0,g,LCCD,,,,,,,,,,,,,,,,,,,0.0,mg,LCCD,,,,,,,,,,0.0,g,LCCS,,,,,,,,,,,,,,,,,,,,,,66.67,g,LCCS,,,,,,,,,,,,,,,,,,,,,,,,,,,,,,,,,,,,,,,,,,,0.0,g,LCCS,,,,,,,333.0,kcal,LCCS,,,,,,,,,,,,,,,,,,,,,,,,,,,,,,,,,,,,,,,,,,,,,,,,,,,,,,,,,,,,,,,,,,,,,,,,,,,,,,,,,,,,,,,,,,,,,,,,,,,,,,,,,,,,,,,,,,,,,,,,,0.0,g,LCCD,0.0,g,LCCD,,,,,,,,,,False,False,False,False,False,False,True,False,False,False,False,False,False,False
45220985,SALSA,LI,2017-07-14 17:04:25,"TOMATO, GREEN PIQUILLO PEPPER, PASSION FRUIT, WHITE ONION, JALAPENO PEPPER, SUNFLOWER OIL, SUGAR, SALT, GARLIC, CORN STARCH AND SPICES.",30.0,g,2.0,Tbsp,,,,,,,,,,,6.67,g,LCCS,,,,,,,940.0,mg,LCCS,,,,,,,,,,,,,0.0,g,LCCS,,,,,,,,,,,,,,,,,,,0.0,mg,LCCD,,,,,,,,,,0.0,g,LCCS,,,,,,,,,,,,,,,,,,,,,,3.33,g,LCCS,,,,,,,44.0,mg,LCCD,,,,,,,,,,,,,,,,,,,,,,,,,,,,,,,,,,0.0,g,LCCS,,,,,,,43.0,kcal,LCCS,,,,,,,,,,,,,,,,,,,,,,,,,,,,,,,,,,,,,,,,,,,,,,,,,,,,,,,,,,0.0,IU,LCCD,,,,,,,,,,,,,,,,,,,,,,,,,,,,,,,,,,0.6,mg,LCCD,,,,0.0,mg,LCCD,,,,,,,,,,,,,,,,,,,0.0,g,LCCD,3.33,g,LCCS,,,,,,,,,,False,False,False,False,False,True,True,False,False,False,False,False,False,False
45006649,SUGAR FREE JILLY'S GELATIN,LI,2018-02-03 05:28:33,"WATER, GELATIN, ADIPIC ACID, CITRIC ACID, POTASSIUM SORBATE (PRESERVATIVE), SODIUM CITRATE, ASPARTAME*, NATURAL & ARTIFICIAL FLAVOR, ACESULFAME POTASSIUM, SALT, RED 40, YELLOW 6, YELLOW 5, BLUE 1.",92.0,g,1.0,UNIT,,,,,,,,,,,0.0,g,LCCD,,,,,,,16.0,mg,LCCS,,,,,,,,,,,,,0.0,g,LCCD,,,,17.0,mg,LCCS,,,,,,,,,,,,,0.0,mg,LCCD,,,,,,,,,,0.0,g,LCCS,,,,,,,,,,,,,,,,,,,,,,0.0,g,LCCS,,,,,,,,,,,,,,,,,,,,,,,,,,,,,,,,,,,,,,,,0.0,IU,LCCD,1.09,g,LCCS,,,,,,,5.0,kcal,LCCS,,,,,,,,,,,,,,,,,,,,,,,,,,,,,,,,,,,,,,,,,,,,,,,,,,,,,,,,,,,,,,,,,,,,,,,,,,,,,,,,,,,,,,,,,,,,,,0.0,mg,LCCD,,,,4.0,mg,LCCS,,,,,,,,,,,,,,,,,,,0.0,g,LCCD,0.0,g,LCCD,,,,,,,,,,False,False,False,False,False,False,False,False,False,False,False,False,False,False
45234994,CHOCOLATE WHOLE MILK,LI,2018-05-19 16:43:58,"MILK, LIQUID SUGAR (SUGAR, WATER), CONTAINS LESS THAN 1% OF COCOA (PROCESSED WITH ALKALI), COCOA, CORNSTARCH, SALT, CARRAGEENAN, NATURAL FLAVOR, NONFAT MILK.",240.0,ml,1.0,cup,,,,,,,,,,,12.08,g,LCCS,,,,,,,75.0,mg,LCCS,83.0,mg,LCCD,,,,,,,,,,0.0,g,LCCD,,,,117.0,mg,LCCD,,,,,,,,,,0.212,mg,LCCD,15.0,mg,LCCS,,,,3.0,mcg,LCCD,,,,0.0,g,LCCS,,,,,,,,,,,,,,,,,,,,,,11.25,g,LCCS,,,,,,,,,,,,,,,,,,,,,,,,,,,,,,,,,,,,,,,,0.0,IU,LCCD,3.33,g,LCCS,,,,1.25,mcg,LCCD,92.0,kcal,LCCS,,,,,,,,,,,,,,,,,,,,,,,,,,,,,,,,,,,,,,,,,,,,,,,,,,,,,,,,,,208.0,IU,LCCD,6.7,g,LCCS,,,,,,,,,,,,,,,,,,,,,,,,,,,,,,,0.0,mg,LCCD,,,,104.0,mg,LCCD,,,,,,,,,,,,,,,,,,,2.08,g,LCCS,3.33,g,LCCS,,,,,,,,,,True,False,False,False,False,False,True,False,True,False,False,False,False,False
45179685,FETA CHEESE,LI,2017-07-14 18:21:55,"FETA CHEESE (PASTEURIZED MILK, CHEESE CULTURES, SALT, ENZYMES), NATAMYCIN (A NATURAL MOLD INHIBITOR).",28.0,g,1.0,ONZ,,,,,,,,,,,3.57,g,LCSL,,,,,,,1143.0,mg,LCCS,,,,,,,,,,,,,0.0,g,LCCD,,,,,,,,,,,,,,,,,,,71.0,mg,LCCS,,,,,,,,,,0.0,g,LCCS,,,,,,,,,,,,,,,,,,,,,,0.0,g,LCCS,,,,,,,0.0,mg,LCCD,,,,,,,,,,,,,,,,,,,,,,,,,,,,,,,,,,17.86,g,LCCS,,,,,,,286.0,kcal,LCCS,,,,,,,,,,,,,,,,,,,,,,,,,,,,,,,,,,,,,,,,,,,,,,,,,,,,,,,,,,714.0,IU,LCCD,,,,,,,,,,,,,,,,,,,,,,,,,,,,,,,,,,0.0,mg,LCCD,,,,214.0,mg,LCCD,,,,,,,,,,,,,,,,,,,14.29,g,LCCS,21.43,g,LCCS,,,,,,,,,,True,False,False,False,False,False,False,False,True,False,False,False,False,False
45352919,CRISP RICE TREATS WITH CHOCOLATE CHUNKS,LI,2018-03-12 19:05:52,"MARSHMALLOW (CORN SYRUP, SUGAR, WATER, FRUCTOSE, KOSHER VEGETABLE GLYCERIN, COCOA (PROCESSED WITH ALKALI), NATURAL FLAVOR, AGAR, PASTEURIZED EGG WHITE POWDER, SALT), TOASTED RICE CEREAL (RICE, SUGAR, BROWN SUGAR, SALT, BROWN RICE SYRUP, VITAMINS AND MINERALS [IRON, NIACINAMIDE, THIAMIN HYDROCHLORIDE [VIT B1], PYRIDOXINE HYDROCHLORIDE [VIT B6], PANTOTHENATE, FOLIC ACID]), UNSWEETENED CHOCOLATE, MODIFIED PALM OIL AND CANOLA OIL SHORTENING, SEMI-SWEET CHOCOLATE CHUNK (70% COCOA) (UNSWEETENED CHOCOLATE, SUGAR, ANHYDROUS DEXTROSE, SOY LECITHIN, NATURAL VANILLA EXTRACT), CANOLA OIL.",22.0,g,1.0,SQUARE,,,,,,,,,,,63.64,g,LCCS,,,,,,,250.0,mg,LCCS,,,,,,,,,,,,,4.5,g,LCSL,,,,,,,,,,,,,,,,,,,0.0,mg,LCCD,,,,,,,,,,0.0,g,LCCS,,,,,,,,,,,,,,,,,,,,,,27.27,g,LCCS,,,,,,,0.0,mg,LCCD,,,,,,,,,,,,,,,,,,,,,,,,,,,,,,,,,,4.55,g,LCCS,,,,,,,409.0,kcal,LCCS,,,,,,,,,,,,,,,,,,,,,,,,,,,,,,,,,,,,,,,,,,,,,,,,,,,,,,,,,,0.0,IU,LCCD,,,,,,,,,,,,,,,,,,,,,,,,,,,,,,,,,,12.27,mg,LCCD,,,,0.0,mg,LCCD,,,,,,,,,,,,,,,,,,,9.09,g,LCCS,15.91,g,LCCS,,,,,,,,,,True,True,False,False,False,False,True,False,True,False,False,False,False,False
45199989,POTATO CHIPS,LI,2017-07-14 18:06:50,"POTATOES, VEGETABLE OIL (CONTAINS ONE OR MORE OF THE FOLLOWING: CORN, SUNFLOWER, OR COTTONSEED OIL), SALT, SUGAR, DEXTROSE, TORULA YEAST, ONION AND GARLIC POWDER, CITRIC ACID, NATURAL SMOKE FLAVOR, SPICES, SPICE EXTRACTIVES (INCLUDING EXTRACTIVES OF ANNATTO, TURMERIC, AND PAPRIKA).",28.0,g,12.0,CHIPS) | (ABOUT,,,,,,,,,,,60.71,g,LCCS,,,,,,,1036.0,mg,LCCS,,,,,,,,,,,,,3.6,g,LCCS,,,,857.0,mg,LCCS,,,,,,,,,,,,,0.0,mg,LCCD,,,,,,,,,,0.0,g,LCCS,,,,,,,,,,,,,,,,,,,,,,7.14,g,LCCS,,,,,,,8.6,mg,LCCD,,,,,,,,,,,,,,,,,,,,,,,,,,,,,,,,,,7.14,g,LCCS,,,,,,,571.0,kcal,LCCS,,,,,,,,,,,,,,,,,,,,,,,,,,,,,,,,,,,,,,,,,,,,,,,,,,,,,,,,,,0.0,IU,LCCD,,,,,,,,,,,,,,,,,,,,,,21.43,g,LCCS,,,,,,,,,,1.29,mg,LCCD,,,,0.0,mg,LCCD,,,,,,,8.93,g,LCCS,,,,,,,,,,5.36,g,LCCS,35.71,g,LCCS,,,,,,,,,,False,False,False,False,False,False,True,False,False,False,False,False,False,False
45101690,"SWEETS, TAFFY, WATERMELON",LI,2017-06-25 10:45:57,"CORN SYRUP, SUGAR, COCONUT OIL, MALIC ACID, SODIUM CITRATE, EGG WHITES, SALT, ARTIFICIAL FLAVOR, RED #40, RED #3.",42.0,g,7.0,PIECES,,,,,,,,,,,88.1,g,LCCS,,,,,,,262.0,mg,LCCS,,,,,,,,,,,,,,,,,,,,,,,,,,,,,,,,,,,,,,,,,,,,,,,,,,,,,,,,,,,,,,,,,,,,,,54.76,g,LCCS,,,,,,,,,,,,,,,,,,,,,,,,,,,,,,,,,,,,,,,,,,,0.0,g,LCCS,,,,,,,381.0,kcal,LCCS,,,,,,,,,,,,,,,,,,,,,,,,,,,,,,,,,,,,,,,,,,,,,,,,,,,,,,,,,,,,,,,,,,,,,,,,,,,,,,,,,,,,,,,,,,,,,,,,,,,,,,,,,,,,,,,,,,,,,,,,,3.57,g,LCCS,4.76,g,LCCS,,,,,,,,,,True,False,False,False,False,False,True,False,True,False,False,False,False,False
45227402,ICED CHAI,LI,2018-05-14 08:01:39,"ORGANIC FAIR TRADE* BLACK TEA, ORGANIC GINGER JUICE, ORGANIC FAIR TRADE* CANE SUGAR, ORGANIC SOY MILK AND SPICES.",240.0,ml,8.0,OZA,,,,,,,,,,,7.08,g,LCCS,,,,,,,4.0,mg,LCCS,,,,,,,,,,,,,0.8,g,LCCS,,,,,,,,,,,,,,,,,,,0.0,mg,LCCD,,,,,,,,,,0.0,g,LCCS,,,,,,,,,,,,,,,,,,,,,,5.42,g,LCCS,,,,,,,0.5,mg,LCCD,,,,,,,,,,,,,,,,,,,,,,,,,,,,,,,,,,1.25,g,LCCS,,,,,,,42.0,kcal,LCCS,,,,,,,,,,,,,,,,,,,,,,,,,,,,,,,,,,,,,,,,,,,,,,,,,,,,,,,,,,0.0,IU,LCCD,,,,,,,,,,,,,,,,,,,,,,,,,,,,,,,,,,0.3,mg,LCCD,,,,8.0,mg,LCCD,,,,,,,,,,,,,,,,,,,0.0,g,LCCD,0.83,g,LCCS,,,,,,,,,,True,True,False,False,False,True,True,False,True,False,False,False,False,False
